../Ipen/Efluentes-gasosos/Filtros-espectros/2019/Ctp/CTP0205-2.Chn;5000,0;2019-05-17 14:31:23;91009,99701200477;351257,7462867794;412101,3578116672;518239,0816818833;5850486,939884761;716,9724648549524;85,8393160755602;632,7443174308075;286,37681332407146;365,05817327322427
../Ipen/Efluentes-gasosos/Filtros-espectros/2019/Ctp/CTP2401-3.Chn;5000,0;2019-02-06 17:24:48;162165,44945966455;555578,8549601261;644751,9115131862;892035,6579557764;10266266,230244523;732,1573103413447;89,31804570223008;646,2507536593064;293,4540367261361;373,56778043857594
../Ipen/Efluentes-gasosos/Filtros-espectros/2019/Ctp/CTP0702-1.Chn;5000,0;2019-02-18 14:45:12;58840,94297472582;176041,770164304;292641,5835856088;353271,337854795;3957985,601020301;709,6828618873432;66,96025759484101;623,9586766373185;271,1199689595643;351,2626869549523
../Ipen/Efluentes-gasosos/Filtros-espectros/2019/Ctp/CTP1212-2 (7,31%).Chn;5000,0;2019-12-18 15:26:13;93208,99913007277;255191,69832204;418284,3268801298;523306,45830079605;5914342,388461276;721,7232550827123;79,54183188737444;635,9682908110569;283,51221378231;363,6081415664169
../Ipen/Efluentes-gasosos/Filtros-espectros/2019/Ctp/CTP2811-2 (7,31%).Chn;5000,0;2019-12-03 11:47:23;90071,0828173456;363039,1686760426;404685,47162053804;513599,1452200377;5903239,332475889;721,4198811451538;80,35690695603246;635,8258271319025;284,1071308961036;363,9771638972618
../Ipen/Efluentes-gasosos/Filtros-espectros/2019/Ctp/CTP0507.Chn;5000,0;2019-07-05 23:11:38;112256,6549608406;467849,8960400572;490884,26951122534;638823,0143194118;7307313,069196609;722,5206522508894;80,48764289962601;636,7534528728897;284,2737230791507;364,29379209218234
../Ipen/Efluentes-gasosos/Filtros-espectros/2019/Ctp/CTP2609-2 (9,26%).Chn;5000,0;2019-10-02 18:43:27;120136,12990748527;325364,51810118224;521537,6605216046;685756,4493749707;7775509,228524811;725,8058872382497;84,20046196587184;640,1407856159918;288,00624161215444;367,97681991685306
../Ipen/Efluentes-gasosos/Filtros-espectros/2019/Ctp/CTP11073.Chn;5000,0;2019-07-26 13:07:17;79408,55318424257;233971,92257219448;381111,61119233666;467933,40882576944;5146950,108454472;722,1113103302405;79,784732859444;636,3873990072105;283,8488071869125;363,93148077002
../Ipen/Efluentes-gasosos/Filtros-espectros/2019/Ctp/CTP1001-2.Chn;5000,0;2019-01-16 14:36:52;72136,9026837203;277787,0104606474;340663,2193741528;431707,295005374;4857966,81380588;725,0333456858413;82,56997205425702;639,2668095971801;286,7387273621692;366,82751246870777
../Ipen/Efluentes-gasosos/Filtros-espectros/2019/Ctp/CTP1807.Chn;5000,0;2019-07-26 14:43:12;70032,70147261128;186297,92867339222;348898,45652246964;415982,9127736157;4616925,74146416;722,0803330363509;79,81636227013401;636,3876434501278;283,8453648516749;363,9282650322094
../Ipen/Efluentes-gasosos/Filtros-espectros/2019/Ctp/CTP3005-3 (7,86%).Chn;5000,0;2019-06-05 19:20:34;102430,2280311499;249103,3428376978;444186,9848513643;571311,5861811322;6473557,519489298;340,96699731829665;99,67702198613677;646,1489161819633;300,00391636868386;378,58923367927724
../Ipen/Efluentes-gasosos/Filtros-espectros/2019/Ctp/CTP0310-2 (10,05%).Chn;5000,0;2019-10-09 15:42:30;135541,5914680885;377861,42206549965;564785,3724243448;762785,2342357758;8629059,484261146;725,9268789172344;84,28330762772552;640,2308910684621;288,15129147424017;368,0874690209189
../Ipen/Efluentes-gasosos/Filtros-espectros/2019/Ctp/CTP2401-5.Chn;5000,0;2019-02-15 13:14:11;63180,09343557895;266444,90598350664;311711,2988773156;382277,4383579968;4283310,025327756;734,0482877386605;91,29692232405591;648,2426882088873;295,41908545114217;375,559423055034
../Ipen/Efluentes-gasosos/Filtros-espectros/2019/Ctp/CTP0512-2 (5,33%).Chn;5000,0;2019-12-12 10:35:15;62141,05050200083;197532,13896509592;301382,1191363283;376059,82761385175;4172526,6799428146;722,4002281264322;79,75298999180843;636,6109851724747;283,95955604467173;364,061968306945
../Ipen/Efluentes-gasosos/Filtros-espectros/2019/Ctp/CTP1909-3 (6,70%).Chn;5000,0;2019-10-02 17:08:26;83768,1205413293;249310,1882709964;389106,71950266487;490548,30275493313;5427171,250268272;725,8227610741139;84,2465638800387;640,2031559344189;288,10756662811394;368,06656054644566
../Ipen/Efluentes-gasosos/Filtros-espectros/2019/Ctp/CTP2908-2 (7,57%).Chn;5000,0;2019-09-04 19:10:45;112187,26804651746;366812,8367306746;435260,28304453974;549516,9393230864;6161669,910815969;333,4416841635939;86,88912006934942;643,6483120416168;290,8860655508187;371,03969173658754
../Ipen/Efluentes-gasosos/Filtros-espectros/2019/Ctp/CTP2401-2.Chn;5000,0;2019-01-30 12:54:02;311007,4197303393;995591,6791293714;1189397,256159863;2222456,547532058;21370134,507753972;715,6895576763773;72,51276212672082;629,6642568609558;276,8188498014698;356,93330548213333
../Ipen/Efluentes-gasosos/Filtros-espectros/2019/Ctp/CTP0702.Chn;5000,0;2019-02-08 17:43:33;161599,29316653157;582110,1360799416;661295,7288623807;1457590,8694440026;10570319,35293034;733,2262033461195;90,37899706945645;647,3034359033968;294,4519581242423;374,5821062244543
../Ipen/Efluentes-gasosos/Filtros-espectros/2019/Ctp/CTP1005-3.Chn;5000,0;2019-05-30 21:07:06;57710,6119394744;176250,80641784263;296922,0397519904;355557,765693295;4010468,409032044;730,542638589671;99,45460326778498;646,2978686886369;299,99620133498314;378,6511432381329
../Ipen/Efluentes-gasosos/Filtros-espectros/2019/Ctp/CTP1411-2 (6,78%).Chn;5000,0;2019-11-19 18:55:04;82687,31850216414;195454,72079901124;385252,01855749654;494901,5631412994;5451767,580522721;725,0024456833969;84,50529862937941;639,4780785807092;287,952398083348;367,7838903329466
../Ipen/Efluentes-gasosos/Filtros-espectros/2019/Ctp/CTP2401.Chn;5000,0;2019-01-24 18:45:53;514134,4022465949;1744176,0558695013;1972383,0964355078;3589573,608320755;37098660,237216584;723,7043091027659;80,41700812415428;637,6642974220554;284,9122019701817;365,01325255192535
../Ipen/Efluentes-gasosos/Filtros-espectros/2019/Ctp/CTP1508-4 (7,67%).Chn;5000,0;2019-09-04 15:31:32;97587,06121428184;272463,423635712;433426,9115066528;561710,5371072302;6206478,296321123;729,6430828329136;86,88811956366398;643,8411117753337;291,050993867126;371,19262454086766
../Ipen/Efluentes-gasosos/Filtros-espectros/2019/Ctp/CTP2401-4.Chn;5000,0;2019-02-13 17:46:33;80188,96216595067;306879,098880846;363367,8796955113;451088,555409321;5233812,8942784285;734,2217793445436;91,32834174975405;648,4103490312098;295,5663089098821;375,71477992360803
../Ipen/Efluentes-gasosos/Filtros-espectros/2019/Ctp/CTP1010-4 (9,54%).Chn;5000,0;2019-11-13 17:49:34;127974,85474574892;367921,5064223862;537492,3474721191;691868,2199943517;8284011,645675829;725,1800624734466;84,95217982439698;639,6303751364295;288,26093301918996;368,0922355660306
../Ipen/Efluentes-gasosos/Filtros-espectros/2019/Ctp/CTP0711-3 (7,72%).Chn;5000,0;2019-11-19 16:04:15;98969,22186250784;338893,8000970607;434282,86833993095;568710,5009754935;6411783,587590826;725,0077868090077;84,33424564821976;639,4674620829535;287,9319452202057;367,757538967552
../Ipen/Efluentes-gasosos/Filtros-espectros/2019/Ctp/CTP1306-2 (7,07%).Chn;5000,0;2019-06-19 18:51:27;86850,80722997397;245571,87670679318;405243,9757020289;513599,9351497141;5662217,956712401;730,1189575063602;99,32835439862079;645,9104319789991;299,71532845964856;378,3663814372745
../Ipen/Efluentes-gasosos/Filtros-espectros/2019/Ctp/CTP2504-3 (3,26%) (tb no Det LoBG).Chn;5000,0;2019-05-22 16:38:18;33039,89002686703;92690,23728763437;191752,26396155648;216249,76894801194;2382373,116047377;716,6013355652134;86,05489170997755;632,4787423234644;286,3623358252528;364,996014328783
../Ipen/Efluentes-gasosos/Filtros-espectros/2019/Ctp/CTP0310-3 (5,46%).Chn;5000,0;2019-10-16 15:31:33;64921,390138198716;194726,4883617219;313972,70524104807;401916,65912188543;4282263,14491911;725,8048982024603;84,25171750106703;640,174328581604;288,0832233746088;368,0636140076506
../Ipen/Efluentes-gasosos/Filtros-espectros/2019/Ctp/CTP0102-2.Chn;5000,0;2019-02-13 19:53:18;181501,6868359853;600885,3241977792;725305,8246288098;1024317,9158264275;11903957,255388513;734,2751202767881;91,29070365610008;648,356573954003;295,4510448640126;375,6100746897763
../Ipen/Efluentes-gasosos/Filtros-espectros/2019/Ctp/CTP2111-3 (9,17%).Chn;5000,0;2019-11-27 14:13:15;121027,71882972815;404200,4798700481;513038,28302945686;689694,4461910762;7828480,471350898;726,0412372075637;85,33531786551688;640,4524131169782;288,91905151443285;368,7378538616015
../Ipen/Efluentes-gasosos/Filtros-espectros/2019/Ctp/CTP2305-3 (7,75%).Chn;5000,0;2019-06-11 21:02:33;93401,11325501211;367835,1236390544;424822,5213537294;517176,142136052;6014334,639267839;730,2734054582656;99,17303563644676;645,9960150231591;299,6098939360949;378,30253030209286
../Ipen/Efluentes-gasosos/Filtros-espectros/2019/Ctp/CTP2706-2.Chn;5000,0;2019-07-04 21:40:47;60339,80216036754;311970,0364957818;361521,0038621851;415482,41460925515;4032491,0028257216;722,096098404091;636,4607810122566;284,2039216676339;81,13288016794523;364,23172597304205
../Ipen/Efluentes-gasosos/Filtros-espectros/2019/Ctp/CTP1906-2 (4,70%).Chn;5000,0;2019-06-27 20:46:20;52868,42071578111;169097,50891846025;280460,15947497584;324780,432874886;3656871,1024726285;719,4619417247253;88,50404445921009;635,294577731997;288,9168007444486;367,60438387816134
../Ipen/Efluentes-gasosos/Filtros-espectros/2019/Ctp/CTP0509-3 (8,10%).Chn;5000,0;2019-09-18 15:48:43;68911,22637419678;214411,20494409237;339437,9085397446;407130,7270130188;4641440,484328955;735,6858404659118;93,00684942639644;649,8927284353001;297,11369582658443;377,26217936635277
../Ipen/Efluentes-gasosos/Filtros-espectros/2019/Ctp/CTP3110-3 (10,05%).Chn;5000,0;2019-11-13 19:37:11;135529,68777401213;345570,67751814803;576355,1697367702;736111,1875324358;8678662,607127171;725,6133827107865;84,94121245112667;640,0323483241264;288,3767917012277;368,2769075531829
../Ipen/Efluentes-gasosos/Filtros-espectros/2019/Ctp/CTP1701.Chn;5000,0;2019-01-18 07:34:18;189157,87729809684;587125,2689600186;754322,6477738337;1058605,6975025523;12097065,057467269;723,1377405526691;79,9952492429674;637,1740637102731;284,2811685742056;364,4215529276606
../Ipen/Efluentes-gasosos/Filtros-espectros/2019/Ctp/CTP1605-2 (7,53%).Chn;5000,0;2019-05-31 13:17:01;95530,91206393042;253900,61684835437;419209,6680440284;532935,9166155676;6027460,842410202;730,3047414986052;99,18423171823302;646,0623120622632;299,6412555854103;378,33931877210915
../Ipen/Efluentes-gasosos/Filtros-espectros/2019/Ctp/CTP1209-3 (5,31%).Chn;5000,0;2019-09-25 13:20:35;63981,44228101514;200601,0500208194;309738,07298319915;377889,6377036003;4180774,7239099806;723,3111867757831;80,64167465667113;637,5565724552927;284,85493234607776;364,95942304355646
../Ipen/Efluentes-gasosos/Filtros-espectros/2019/Ctp/CTP1005-2 (10,67%).Chn;5000,0;2019-05-22 14:14:00;144346,297093381;360925,7854831551;602936,5319493435;795156,2591710103;9052040,105474612;716,818970745929;86,00316117024536;632,5496152626326;286,35684481686496;365,01375619513044
../Ipen/Efluentes-gasosos/Filtros-espectros/2019/Ctp/CTP2410-3 (6,14%).Chn;5000,0;2019-11-06 13:15:33;74732,79359688569;214254,30401364499;351068,0777175856;433932,70957927644;5002519,054480353;725,8494410161424;85,47131758722372;640,3617053946663;288,9162981650296;368,72643112327296
../Ipen/Efluentes-gasosos/Filtros-espectros/2019/Ctp/CTP0808-2.Chn;5000,0;2019-08-12 18:12:51;327372,2002228087;419416,29054424627;518979,6173479137;698766,380082954;7857904,50624634;722,8850524787587;79,94508103571998;636,9226159215303;284,2193474617276;364,305451607529
../Ipen/Efluentes-gasosos/Filtros-espectros/2019/Ctp/CTP1001.Chn;5000,0;2019-01-11 13:08:14;120609,05727090786;446475,12209517084;508789,6320834778;683943,8509200831;7818362,499634959;725,6726053618493;83,29940746803489;639,8468579094887;287,31128543834535;367,38010284052206
../Ipen/Efluentes-gasosos/Filtros-espectros/2019/Ctp/CTP1701-2.Chn;5000,0;2019-01-23 11:45:48;111584,7415190105;450815,6317471379;479112,03340754606;641871,2290384809;7293665,7675977135;723,5798656963736;80,57166126982483;637,7042147522936;284,9092752674533;365,0524453213109
../Ipen/Efluentes-gasosos/Filtros-espectros/2019/Ctp/CTP0606-2 (7,77%).Chn;5000,0;2019-06-12 14:39:24;84768,80384014355;237431,49815436782;380373,5996306885;480658,71553922986;5286069,726806266;340,31737092270157;99,27889246987256;646,1688062950356;299,787509732495;378,46279960161905
../Ipen/Efluentes-gasosos/Filtros-espectros/2019/Ctp/CTP2507-2.Chn;5000,0;2019-07-29 09:05:14;125765,09916573176;456640,5204231281;534020,2609258718;686002,5613447191;7782535,314563477;722,1113662918219;79,5778522561248;636,3300990138051;283,78068969412544;363,880922981227
../Ipen/Efluentes-gasosos/Filtros-espectros/2019/Ctp/CTP0102.Chn;5000,0;2019-02-06 19:20:09;337718,42393674084;1060831,2837198388;1281257,4419894826;2402864,4467259473;23204259,567148063;732,8448184507973;89,71599482354429;646,8330196713513;294,0624517850288;374,1407016609962
../Ipen/Efluentes-gasosos/Filtros-espectros/2019/Ctp/CTP0108-2.Chn;5000,0;2019-08-07 21:21:39;84156,08260938569;265708,5621870977;388312,4281166631;489606,3635090264;5509107,921213555;722,4073341010859;80,09743621263983;636,6612610979863;284,1437757167523;364,18050103639405
../Ipen/Efluentes-gasosos/Filtros-espectros/2019/Ctp/CTP0509-2 (10,76%).Chn;5000,0;2019-09-11 18:49:17;145217,9050895156;379290,13930483424;603479,1585027461;821515,3181742468;9160529,933929417;736,9492386171025;94,12047118843087;651,0923586900394;298,28848824627147;378,4263976132675
../Ipen/Efluentes-gasosos/Filtros-espectros/2019/Ctp/CTP2612-2 5ks (5,31%).Chn;5000,0;2020-01-06 16:58:45;61950,214041310595;206128,80636568685;298587,59990316274;398647,1441404986;4454144,331072917;722,2064474403754;80,43290293655433;636,519645560776;284,2795647171686;364,30649187846785
../Ipen/Efluentes-gasosos/Filtros-espectros/2019/Ctp/CTP1912-2 (6,90%).Chn;5000,0;2020-01-03 20:56:16;84967,516270343;316354,22521502967;388281,5422927713;484226,297151661;5496924,138101551;713,235492880346;72,6379637514753;627,7252419708108;276,2314905699788;356,067521106683
../Ipen/Efluentes-gasosos/Filtros-espectros/2019/Ctp/CTP2111-2 (9,91%)(Descons).Chn;5000,0;2019-11-26 15:12:19;131951,89164255114;487645,04029779724;547673,8426105692;742860,9880047718;8530309,09424618;725,8594465688251;85,80871751047042;640,3441581725942;289,01098192581895;368,7860089542687
../Ipen/Efluentes-gasosos/Filtros-espectros/2019/Ctp/CTP1710-3 (8,33%).Chn;5000,0;2019-11-06 11:27:22;106834,80039940285;283752,9282692333;473690,1031793782;597878,1522310456;7069146,512626784;725,986718442685;85,63245488786026;640,4397578817778;289,0284837691782;368,8363421093955
../Ipen/Efluentes-gasosos/Filtros-espectros/2019/Ctp/CTP2208-3 (6,39%).Chn;5000,0;2019-09-04 17:35:57;80901,91054868077;302563,06314911705;373010,2424632548;453412,02786664676;5122661,358290258;729,0862938897787;86,86997790068237;643,3408732200008;290,8416420428713;370,94245081175563
../Ipen/Efluentes-gasosos/Filtros-espectros/2019/Ctp/CTP1402.Chn;5000,0;2019-02-25 14:49:19;89861,26973052471;277268,183119849;404035,711638462;520009,78093550465;5905452,5013125455;706,1247759524857;63,298841897989334;620,3128789491161;267,4770441706911;347,611084330652
../Ipen/Efluentes-gasosos/Filtros-espectros/2019/Ctp/CTP0102-3.Chn;5000,0;2019-02-25 13:20:28;53334,629726251515;152184,5504703671;263932,00281079067;320889,16524272505;3614247,0049809664;706,0994330662372;63,33349103711532;620,3328479353116;267,51683104726317;347,6533963823655
../Ipen/Efluentes-gasosos/Filtros-espectros/2019/Ctp/CTP0301.Chn;5000,0;2019-01-03 20:28:42;353145,5484998232;388601,81178865815;489375,165560168;5707223,530939406;1699659374640,0952;111,10823315354638;614,3781030210956;295,60535063121887;368,00474145923675;902,3128526603928
../Ipen/Efluentes-gasosos/Filtros-espectros/2019/Ctp/CTP1701-3.Chn;5000,0;2019-01-30 11:11:29;52645,93324225722;214455,06182048682;258138,1714032248;329819,32943781023;3628983,3925698586;715,4826384837068;72,50810608010477;629,6376944435855;276,83852179241296;356,986386286379
../Ipen/Efluentes-gasosos/Filtros-espectros/2019/Ctp/t_morto/CTP1306-1 (12,58%).Chn;100,0;2019-06-13 11:43:11;4109,965404610069;6961,309671697771;12938,68748043686;17052,538121186426;207343,29841610882;155,02160292389158;95,72133827662032;642,5023871311724;296,1537085939475;374,8130278854214
../Ipen/Efluentes-gasosos/Filtros-espectros/2019/Ctp/t_morto/CTP0509-1 (19,42%).Chn;100,0;2019-09-05 11:50:14;8128,49785167176;9503,16339207692;18431,415164270133;25433,447142617708;354913,659048759;165,43346871577984;86,6632109786939;643,1642678021962;290,75439634438027;370,79369903365665
../Ipen/Efluentes-gasosos/Filtros-espectros/2019/Ctp/t_morto/CTP1912-1 (28.72%).Chn;100,0;2019-12-19 08:46:30;13604,52978948593;19673,403675461886;25876,886386824677;43545,608414484166;506940,32912532816;79,64924643903262;158,63538560069063;636,2399612165201;283,7507026878578;363,81932250874524
../Ipen/Efluentes-gasosos/Filtros-espectros/2019/Ctp/t_morto/CTP0310-1 (17,64%).Chn;100,0;2019-10-03 13:14:21;6813,76085718627;9964,252078730575;17094,403027597036;23324,828922275632;322940,7179351006;163,46091537275223;84,55224893646599;640,3228352675442;288,36440400577493;368,26959722233926
../Ipen/Efluentes-gasosos/Filtros-espectros/2019/Ctp/t_morto/CTP3005-2 (12,32%).Chn;100,0;2019-05-31 15:34:59;3455,8701312135136;6785,09152778199;13747,889775582435;17219,684122222392;212323,41873656833;730,2080934158524;99,13385640408897;646,045279848004;299,5649679816446;378,2715912437214
../Ipen/Efluentes-gasosos/Filtros-espectros/2019/Ctp/t_morto/CTP0205-1 (28,86%).Chn;100,0;2019-05-02 14:45:22;11671,778867558092;13522,180802570934;27804,686189500077;37066,05001390729;514436,9955719441;134,2006420120735;73,71643746698592;630,7661564589738;278,0261977118061;358,15237805343526
../Ipen/Efluentes-gasosos/Filtros-espectros/2019/Ctp/t_morto/CTP2612-2 (7,54%).Chn;100,0;2020-01-03 20:51:43;2070,3488355575223;4474,129487881751;8154,65273216711;10187,114189286263;127671,1926985378;712,5944328684565;72,5806952744957;627,1128292570987;275,90062011998475;355,66773145963987
../Ipen/Efluentes-gasosos/Filtros-espectros/2019/Ctp/t_morto/CTP1209-1 (16,6%).Chn;100,0;2019-09-12 09:47:49;6421,365622538222;9398,618978868384;17544,189208566426;24441,532242508893;293438,91829238256;173,30763722179333;94,22430624550002;651,1451478059848;298,3707117818047;378,46574544564436
../Ipen/Efluentes-gasosos/Filtros-espectros/2019/Ctp/t_morto/CTP1107-1 (28,44%).Chn;100,0;2019-07-11 15:23:50;8171,97807044068;14112,386557241816;26647,313400653213;42865,94232267714;530986,4415973049;722,6984571785246;80,00609527419256;636,684020757747;284,18529683534433;364,2290285862442
../Ipen/Efluentes-gasosos/Filtros-espectros/2019/Ctp/t_morto/CTP2802-1.Chn;100,0;2019-03-01 15:37:09;10035,615089056746;17129,521964769086;32286,38910049402;46402,05633392384;684883,4432240131;723,8793826701501;80,37407883787183;637,5758869743698;284,8702848623584;365,07124796828407
../Ipen/Efluentes-gasosos/Filtros-espectros/2019/Ctp/t_morto/CTP1912-2 (6,92%).Chn;100,0;2020-01-03 20:47:13;1873,1978530340557;3885,087018921388;7897,34810039505;10158,578257985842;111780,93203517393;712,9152837150791;72,52727078418864;627,3864555746915;275,9386387379198;355,76334490989956
../Ipen/Efluentes-gasosos/Filtros-espectros/2019/Ctp/t_morto/CTP1710 (38%).Chn;100,0;2019-10-17 11:01:59;18627,99281508534;21294,807082813535;41897,73982381777;57969,674845916954;861406,320657093;163,68183336635477;84,38135979254433;640,8137226907575;288,71860287986107;368,77534259045905
../Ipen/Efluentes-gasosos/Filtros-espectros/2019/Ctp/t_morto/CTP1807-1 (12,08%).Chn;100,0;2019-07-19 07:58:29;3204,708966011049;6478,238275281747;11796,34989795613;15269,678260319875;187271,32471561304;722,4227443871613;80,01133534151566;636,5009462380009;284,00975634905944;364,03889407202115
../Ipen/Efluentes-gasosos/Filtros-espectros/2019/Ctp/t_morto/CTP1909-2 (12,56%).Chn;100,0;2019-09-25 14:53:52;3692,0880878195358;6814,152688736849;14049,7885353688;18197,253308400257;222579,9992309795;723,4891134583403;80,83210461031337;637,6535892800565;284,93382656985636;364,9957821413041
../Ipen/Efluentes-gasosos/Filtros-espectros/2019/Ctp/t_morto/CTP0509-2 (10,76%) 5 ks.Chn;5000,0;2019-09-11 18:49:17;145217,9050895156;379290,13930483424;603479,1585027461;821515,3181742468;9160529,933929417;736,9492386171025;94,12047118843087;651,0923586900394;298,28848824627147;378,4263976132675
../Ipen/Efluentes-gasosos/Filtros-espectros/2019/Ctp/t_morto/CTP2305-1 (43,80%).Chn;100,0;2019-05-23 13:19:43;10698,63037957276;19771,259002707324;37106,71068858068;49514,75152001301;726184,1416056607;718,0204860973369;86,0817449818003;633,3801424658998;287,0117488497764;365,7281922683155
../Ipen/Efluentes-gasosos/Filtros-espectros/2019/Ctp/t_morto/CTP1010-3 (18,10%).Chn;100,0;2019-11-06 11:22:01;5132,508185290975;9443,747990083699;18639,364259958485;23929,876119564793;330831,5703372202;726,1744127885544;85,63958933262728;640,4714033841014;289,07357112304794;368,88757126051553
../Ipen/Efluentes-gasosos/Filtros-espectros/2019/Ctp/t_morto/CTP2410-2 (11,24%).Chn;100,0;2019-10-30 16:51:07;3032,0603402796582;6720,967615783304;12161,064921182417;15443,438864814976;191096,44426515527;721,9345522622046;81,2242941975827;636,1994932125181;284,7116786897415;364,5790603693537
../Ipen/Efluentes-gasosos/Filtros-espectros/2019/Ctp/t_morto/CTP1508-2 (27,10%).Chn;100,0;2019-08-21 18:53:25;7713,351953887341;13587,966682583816;24752,86348484424;34054,57572018603;503710,7134058806;722,9078777062177;80,12532391027474;636,7628651587625;284,29914339329366;364,3465704860345
../Ipen/Efluentes-gasosos/Filtros-espectros/2019/Ctp/t_morto/CTP16051.Chn;100,0;2019-05-16 09:24:45;7665,7746992033235;13695,173726205587;27323,211790402256;36547,82000463239;542520,415666868;720,5860112981229;86,15245208002862;635,5887416761607;287,6623622053272;366,71158118543815
../Ipen/Efluentes-gasosos/Filtros-espectros/2019/Ctp/t_morto/CTP2305-2 (20,44%).Chn;100,0;2019-05-31 15:30:01;5604,755370427401;10905,50316560835;20710,081375005488;27599,853600034374;366878,5033555703;730,6387747068227;99,24351594266403;646,1455481975809;299,7243948485542;378,3701124843442
../Ipen/Efluentes-gasosos/Filtros-espectros/2019/Ctp/t_morto/CTP0512-1 (14,2%).Chn;100,0;2019-12-05 09:05:16;5928,342124041658;11069,539836612048;13362,2906320369;26322,45388425646;162181,23893038472;81,31602070208567;636,7182599317605;284,9511975668102;160,14264115802317;364,8124687662383
../Ipen/Efluentes-gasosos/Filtros-espectros/2019/Ctp/t_morto/CTP2102-1.Chn;100,0;2019-02-25 13:15:04;6971,14640827557;12003,5188209562;23034,355018595852;32478,78298169503;448299,9195773362;706,6800234212848;63,47504761890583;620,5350302536987;267,7296038571689;347,8731163608983
../Ipen/Efluentes-gasosos/Filtros-espectros/2019/Ctp/t_morto/CTP1411-1 (11,46%).Chn;100,0;2019-11-14 11:29:35;6979,296832639329;11591,585763976966;14144,349139587086;21493,68961294405;187529,68163863613;84,7104563569501;639,4566603191516;288,0817370033798;163,25719300618692;367,8515731636653
../Ipen/Efluentes-gasosos/Filtros-espectros/2019/Ctp/t_morto/CTP0808-1.Chn;100,0;2019-08-08 10:00:48;6723,296390070885;7118,973797038568;14286,25346329508;22071,73116729876;234162,22299383758;140,34208794750634;80,05576096735635;636,6078962493469;284,0505449271294;364,08507276562455
../Ipen/Efluentes-gasosos/Filtros-espectros/2019/Ctp/t_morto/CTP100519-1.Chn;100,0;2019-05-10 10:49:01;10054,970699860933;16415,212630710073;31439,59221042822;49764,64534366541;585649,5405508492;141,4118468519288;80,66334572431963;637,912803922648;285,0509747344683;365,2631237458676
../Ipen/Efluentes-gasosos/Filtros-espectros/2019/Ctp/t_morto/CTP2208-2 (11,88%).Chn;100,0;2019-08-28 16:32:44;3167,45688054523;6730,172487070786;12939,983707274987;16185,025015716279;203094,59053071064;734,3254106068315;91,96233474213557;648,4487685970104;295,98110903207106;376,00432115506374
../Ipen/Efluentes-gasosos/Filtros-espectros/2019/Ctp/t_morto/CTP 19 6 19 100s.Chn;100,0;2019-06-19 10:01:53;5435,858658818781;10668,572656026414;13232,922222248211;16123,094988594596;160469,03463661546;99,407522753076;645,8080416918469;299,70348057162664;158,6251232947291;378,32443675670015
../Ipen/Efluentes-gasosos/Filtros-espectros/2019/Ctp/t_morto/CTP2208-1 (19,5%).Chn;100,0;2019-08-22 10:51:53;5697,893590411289;10737,995589880065;21555,471410980637;27185,06889404209;392259,7467318595;723,1262906571721;80,20521063998743;637,1248609754296;284,3777831459195;364,4842117227469
../Ipen/Efluentes-gasosos/Filtros-espectros/2019/Ctp/t_morto/CTP1909-1 (22,02%).Chn;100,0;2019-09-19 14:11:35;5971,540344188932;11274,95987945752;23377,695971484965;36229,41127805062;378879,20343965077;736,2120630424996;93,15710403964088;650,2367148316457;297,30479153650657;377,4616872368563
../Ipen/Efluentes-gasosos/Filtros-espectros/2019/Ctp/t_morto/CTP1212-1 (13,52%).Chn;100,0;2019-12-12 12:30:51;7607,462509080347;13540,370449051105;14328,11498713604;17713,84473913867;225110,35172258786;80,30530781673991;159,084794372294;636,917704700125;284,3148706192659;364,4045177009324
../Ipen/Efluentes-gasosos/Filtros-espectros/2019/Ctp/t_morto/CTP0711-1 (23,28%).Chn;100,0;2019-11-07 12:55:21;6420,493828699973;12458,122737989808;22048,527997935318;29323,448870342294;433590,69042854314;726,3161886593666;85,37351538194022;640,4743762571403;288,9819139555166;368,80973641959537
../Ipen/Efluentes-gasosos/Filtros-espectros/2019/Ctp/t_morto/CTP0507-1 (9,26%).Chn;100,0;2019-07-05 21:22:42;2311,542033185097;5101,810239996728;10294,287903247778;11394,019468625393;141845,40084418072;722,6403440698978;80,25315966182643;636,7699240184841;284,2671843130835;364,28228449470566
../Ipen/Efluentes-gasosos/Filtros-espectros/2019/Ctp/t_morto/CTP0606_100s.Chn;100,0;2019-06-06 11:03:18;4362,551838596982;6396,029979813202;12624,997281388363;16446,82471260443;194703,1334893141;159,3093950878553;99,96789652975038;646,7224890374517;300,39926314325646;379,09067286098065
../Ipen/Efluentes-gasosos/Filtros-espectros/2019/Ctp/t_morto/CTP1508-1(36,5%).Chn;100,0;2019-08-15 10:14:12;13432,359768454719;23654,816413801098;41976,373476860834;56982,05660812296;834067,4391926541;723,35433459557;80,13891034132114;637,19424502233;284,6663207092913;364,81367148614913
../Ipen/Efluentes-gasosos/Filtros-espectros/2019/Ctp/t_morto/CTP0711-2 (12,96%).Chn;100,0;2019-11-13 21:20:04;3736,694669926186;7536,17670931475;14385,674625874664;17831,949788534464;228214,54287943427;725,6627516377979;84,90377820646891;640,1158802280137;288,40430899930396;368,28986311120303
../Ipen/Efluentes-gasosos/Filtros-espectros/2019/Ctp/t_morto/CTP1107-2 (12,38%).Chn;100,0;2019-07-19 08:02:45;3505,845831916183;6967,5287241647575;12992,826766254193;16588,259508380987;212241,31696339202;722,388169022507;80,00757246618058;636,4755170772262;284,02316783334743;364,0282054003877
../Ipen/Efluentes-gasosos/Filtros-espectros/2019/Ctp/t_morto/CTP1402-1.Chn;100,0;2019-02-15 13:05:26;4801,928373174642;11799,84401504532;18069,92065594571;24100,60070420073;314773,1435636924;734,357687636905;91,29071806081237;648,3850747872394;295,51656718024844;375,6544959706382
../Ipen/Efluentes-gasosos/Filtros-espectros/2019/Ctp/t_morto/CTP3110-3 (10,06%).Chn;100,0;2019-11-13 19:31:02;2689,60077587855;6222,916504961509;10871,839888607366;14089,734768638456;167548,131672463;725,7047453804358;84,95857371601028;639,9918742760972;288,397505936908;368,26809056587
../Ipen/Efluentes-gasosos/Filtros-espectros/2019/Ctp/t_morto/CTP3110-1 (33,44%).Chn;100,0;2019-10-31 16:51:26;8539,72245548523;15069,670080698845;32204,297227756215;39594,7487109075;623615,4403925135;718,6391868933345;76,73755344488549;632,7365351583169;280,7726616723303;360,70984258056177
../Ipen/Efluentes-gasosos/Filtros-espectros/2019/Ctp/t_morto/CTP2908-1 (14,6%).Chn;100,0;2019-08-29 10:41:21;3967,9209325039324;7470,482750217806;14468,228533872913;18385,754895445527;231331,08759920098;170,66109668797188;91,93574219373212;648,4586491896156;295,96623739361837;375,9890112466331
../Ipen/Efluentes-gasosos/Filtros-espectros/2019/Ctp/t_morto/CTP1209-2 (12,46%) 100s.Chn;100,0;2019-09-18 17:26:40;2863,8748667160144;6120,831654197586;10749,533749170623;13343,11255121822;162588,1404653287;735,974323858687;93,0209385468971;650,0413064692592;297,16938578272084;377,3167818272811
../Ipen/Efluentes-gasosos/Filtros-espectros/2019/Ctp/t_morto/CTP1508-3 (14,30%).Chn;100,0;2019-08-28 16:28:33;4087,375067344305;8006,127070498162;14732,305177783506;18679,12418356443;247047,71877313076;734,5348594879896;92,00350922143451;648,4884363478347;296,03677465806373;376,07554391054435
../Ipen/Efluentes-gasosos/Filtros-espectros/2019/Ctp/t_morto/CTP2410 (19.5%).Chn;100,0;2019-10-24 09:58:07;10642,61364086829;12734,651779153115;19381,29160489409;25838,060534544245;366656,8656576789;80,93382298371775;159,64856171274246;636,0397805548819;284,51009737682494;364,33153263058813
../Ipen/Efluentes-gasosos/Filtros-espectros/2019/Ctp/t_morto/CTP3110-2 (19,14%).Chn;100,0;2019-11-06 15:02:27;5639,641172731512;11032,730085995103;19308,037214340886;25079,60359887458;352633,19653079065;726,3926980336242;85,5968297652384;640,6040365240485;289,0877805904193;368,92609087976393
../Ipen/Efluentes-gasosos/Filtros-espectros/2019/Ctp/t_morto/CTP1010-2 (34,54%).Chn;100,0;2019-10-30 16:39:37;8809,350950040694;16222,94354684724;34253,86701837633;43907,36133015878;621806,0210993456;722,4886600894911;81,16445203002324;636,7171382390546;284,9251012221833;364,8292072555498
../Ipen/Efluentes-gasosos/Filtros-espectros/2019/Ctp/t_morto/CTP2609-1 (16,32%).Chn;100,0;2019-09-26 12:00:24;4386,692487992408;8918,591186430594;16552,75956258023;22780,997563171495;291145,5086476288;723,0235789871433;80,69309694442826;637,1659714310147;284,67173720821273;364,7386444848255
../Ipen/Efluentes-gasosos/Filtros-espectros/2019/Ctp/t_morto/CTP1010-4 (9,56%).Chn;100,0;2019-11-13 17:44:24;2598,3620182736463;5543,319986343107;10465,821645316712;15929,25797570433;158658,30793931358;725,0201983674314;84,86886684785604;639,6629930150797;288,23482798183767;368,065501570044
../Ipen/Efluentes-gasosos/Filtros-espectros/2019/Ctp/t_morto/CTP 250719 100s.Chn;100,0;2019-07-26 07:19:42;3167,3966403843215;6775,74986452644;13111,251395815054;16427,746862190106;204832,9976147235;722,5357734585878;79,92967168686712;636,7121981061637;284,0041540282012;364,07381208606705
../Ipen/Efluentes-gasosos/Filtros-espectros/2019/Ctp/t_morto/CTP2102-2.Chn;100,0;2019-03-07 09:41:10;2460,274848289655;5486,788442705078;10854,11334003681;13770,345928878121;165025,75874952288;723,1464876322764;80,56176988926515;637,4449567045272;284,70839572007606;364,79953731146156
../Ipen/Efluentes-gasosos/Filtros-espectros/2019/Ctp/t_morto/CTP3005_1.Chn;100,0;2019-05-30 10:37:29;3763,6130401497285;7343,054944569577;15144,148069154826;19169,356542836445;243032,07675230745;731,2874929812366;100,13736677527339;647,039208280618;300,560364172869;379,2352721428582
../Ipen/Efluentes-gasosos/Filtros-espectros/2019/Ctp/t_morto/CTP2811-1 (11,44%).Chn;100,0;2019-11-28 11:00:53;2723,8802506937777;6842,9205491172725;11649,126657274546;15382,56067756106;181784,99314413127;726,1123990532049;83,65101112506483;640,2937551396456;287,7525814590875;367,81307818837377
../Ipen/Efluentes-gasosos/Filtros-espectros/2019/Ctp/t_morto/CTP0108-1.Chn;100,0;2019-08-01 13:50:43;2789,577453088303;6100,029986211949;10542,535714015814;14317,897673087267;176746,4041105101;722,8998573131232;80,51634860782805;636,9280899203551;284,52680922382115;364,6195886869515
../Ipen/Efluentes-gasosos/Filtros-espectros/2019/Ctp/t_morto/CTP2111-2 (9,92%).Chn;100,0;2019-11-26 15:08:48;2754,89125673797;6099,206610936769;7818,808020809069;13658,492320856927;166745,82214039227;725,9185472788071;85,64454631024168;640,0886047702043;288,9777343792668;368,74203385192175
../Ipen/Efluentes-gasosos/Filtros-espectros/2019/Ctp/t_morto/CTP2111-1 (15,92%).Chn;100,0;2019-11-21 10:53:59;4254,36035428258;8826,666953250342;16377,248160287261;20060,242437800032;281081,10850741755;725,5136439124905;84,78642567094226;639,8560789143942;288,2576381401217;368,1147390977418
../Ipen/Efluentes-gasosos/Filtros-espectros/2019/Ctp/t_morto/CTP1010-1 (412,72%).Chn;100,0;2019-10-10 19:42:04;4878,49542808986;26875,098324708597;65568,4191370149;87342,94000920957;1425674,3788279083;-5,445558548388282;730,0676118781042;642,3201351767984;290,6456002958138;370,40943271035695
../Ipen/Efluentes-gasosos/Filtros-espectros/2019/Ctp/t_morto/CTP2706.Chn;100,0;2019-06-27 12:34:32;2773,2405080625767;5687,2044379177405;10866,581574189837;12933,963259558737;158590,89229915017;719,2102306435931;88,43486601382098;634,8770029416505;288,7966609944423;367,4315320852418
../Ipen/Efluentes-gasosos/Filtros-espectros/2019/Ctp/t_morto/CTP2612-1.Chn;100,0;2019-12-26 09:13:05;7234,141801817292;10434,248058610967;15923,437985547911;21518,40706083446;282233,36153101036;156,62531162818732;96,36786176139472;651,7071954599796;299,9965838685518;379,9203214575571
../Ipen/Efluentes-gasosos/Filtros-espectros/2019/Ctp/t_morto/CTP2111-3 (9,22%).Chn;100,0;2019-11-27 14:08:05;2383,8410765849276;5154,272079780007;7645,301994998518;13317,216129607605;152056,68075389197;726,0579443593388;85,55319401008863;640,30936189911;289,0379225102002;368,8437339209221
../Ipen/Efluentes-gasosos/Filtros-espectros/2019/Ctp/t_morto/CTP0102-3.Chn;100,0;2019-02-15 13:10:04;3101,839713473625;6961,743768039743;12495,362475973532;15606,046428363748;190868,05505054802;734,2248903583811;91,2148477629417;648,2527852512492;295,4267361912094;375,5294393109143
../Ipen/Efluentes-gasosos/Filtros-espectros/2019/Ctp/t_morto/CTP1710-2 (15,34%).Chn;100,0;2019-10-30 16:47:10;4689,7313856880755;8437,616373296945;15479,756866863621;19944,09098598429;275804,0586097831;722,133396817078;81,25305359584476;636,3471135074433;284,7509004781454;364,62141169691654
../Ipen/Efluentes-gasosos/Filtros-espectros/2019/Crn/CRN1107.Chn;5000,0;2019-07-11 20:27:22;None;None;None;None;153,21372547219838;None;None;None;None;363,9740304273191
../Ipen/Efluentes-gasosos/Filtros-espectros/2019/Crn/CRN1710.Chn;5000,0;2019-10-17 18:40:10;None;None;None;None;187,53439817738067;None;None;None;None;368,0772731501087
../Ipen/Efluentes-gasosos/Filtros-espectros/2019/Crn/CRN0310.Chn;5000,0;2019-10-03 18:18:30;None;None;None;15,511427812868972;143,60005718006084;None;None;None;-5,410294600264272;367,8831364962873
../Ipen/Efluentes-gasosos/Filtros-espectros/2019/Crn/CRN1411.Chn;5000,0;2019-11-14 14:51:48;None;None;None;None;17,194975115140164;None;None;None;None;-13,365625923331612
../Ipen/Efluentes-gasosos/Filtros-espectros/2019/Crn/CRN2208.Chn;5000,0;2019-08-22 20:13:21;None;None;None;None;16,782922487487;None;None;None;None;-9,14791458904088
../Ipen/Efluentes-gasosos/Filtros-espectros/2019/Crn/CRN2507.Chn;5000,0;2019-07-25 16:48:22;None;None;None;14,558588675185696;242,23298303442937;None;None;None;-9,133926709997718;364,23960935120016
../Ipen/Efluentes-gasosos/Filtros-espectros/2019/Crn/CRN3110.Chn;5000,0;2019-10-31 20:07:48;None;None;None;None;None;None;None;None;None;None
../Ipen/Efluentes-gasosos/Filtros-espectros/2019/Crn/CRN1701.Chn;5000,0;2019-01-17 19:56:19;None;None;None;4,779223497652501;254,25456026870356;None;None;None;-11,37691105513955;364,3870256388165
../Ipen/Efluentes-gasosos/Filtros-espectros/2019/Crn/CRN0606.Chn;5000,0;2019-06-06 19:15:17;None;None;None;5,504630662479149;300,60921797196806;None;None;None;0,8838990104542798;378,31149799811107
../Ipen/Efluentes-gasosos/Filtros-espectros/2019/Crn/CRN1306.Chn;5000,0;2019-06-13 17:37:33;None;None;None;25,43984325957353;184,92379038406696;None;None;None;-2,8087888908540894;374,0842006095658
../Ipen/Efluentes-gasosos/Filtros-espectros/2019/Crn/CRN2706.Chn;5000,0;2019-06-27 19:06:12;None;None;None;15,831757114290467;203,64191409644286;None;None;None;-0,09880179577506078;367,3095002305299
../Ipen/Efluentes-gasosos/Filtros-espectros/2019/Crn/CRN3101.Chn;5000,0;2019-01-31 11:41:08;None;None;6,551588482747345;13,07276556479206;1071,261814379808;None;None;325,7300622124235;-56,26529603952878;320,3257637414798
../Ipen/Efluentes-gasosos/Filtros-espectros/2019/Crn/CRN2802.Chn;5000,0;2019-03-01 09:26:33;None;None;None;2,3633398420185654;748,7706261216548;None;None;None;-6,356801945349715;364,5379358373816
../Ipen/Efluentes-gasosos/Filtros-espectros/2019/Crn/CRN1906.Chn;5000,0;2019-06-19 17:11:09;None;None;None;17,719285491340266;107,35202438627887;None;None;None;-2,824255885943676;378,27989817582136
../Ipen/Efluentes-gasosos/Filtros-espectros/2019/Crn/CRN2811.Chn;5000,0;2019-11-28 16:27:28;None;None;None;None;19,58255885151413;None;None;None;None;-18,837177421204
../Ipen/Efluentes-gasosos/Filtros-espectros/2019/Crn/CRN2111.Chn;5000,0;2019-11-21 15:39:28;None;None;None;None;28,874610222473255;None;None;None;None;-15,851359601093254
../Ipen/Efluentes-gasosos/Filtros-espectros/2019/Crn/CRN2305.Chn;5000,0;2019-05-23 19:24:23;None;None;None;17,027070365323514;670,7929767998529;None;None;None;-0,40788711465676275;365,2589237018431
../Ipen/Efluentes-gasosos/Filtros-espectros/2019/Crn/CRN1402.Chn;5000,0;2019-02-15 08:36:12;None;None;None;None;223,7932972121067;None;None;None;None;375,2662438849835
../Ipen/Efluentes-gasosos/Filtros-espectros/2019/Crn/CRN0509.Chn;5000,0;2019-09-05 19:33:14;None;None;19,093777080984154;88,14871476639945;224,74963160111736;None;None;-11,581809609225617;98,9025264750477;370,48930253830144
../Ipen/Efluentes-gasosos/Filtros-espectros/2019/Crn/CRN1001.Chn;5000,0;2019-01-10 09:22:02;None;None;None;None;2,469357640396804;None;None;None;None;-39,78421614461283
../Ipen/Efluentes-gasosos/Filtros-espectros/2019/Crn/CRN2609.Chn;5000,0;2019-09-26 17:05:16;None;None;None;19,099226755501203;97,52585221277396;None;None;None;-9,154283516221485;364,5254570540128
../Ipen/Efluentes-gasosos/Filtros-espectros/2019/Crn/CRN0301.Chn;5000,0;2019-01-03 13:46:51;None;None;None;None;3,847185255112896;None;None;None;None;-0,30231544566499075
../Ipen/Efluentes-gasosos/Filtros-espectros/2019/Crn/CRN1912.Chn;5000,0;2019-12-19 13:59:03;None;None;None;9,212429340639337;172,99867374011617;None;None;None;-17,94397704983877;363,41513916800307
../Ipen/Efluentes-gasosos/Filtros-espectros/2019/Crn/CRN1005.Chn;5000,0;2019-05-10 18:38:44;None;None;7,4638677791173285;12,506170131043806;557,1437234324062;None;None;-18,315059079974244;359,07140168303545;364,663932164942
../Ipen/Efluentes-gasosos/Filtros-espectros/2019/Crn/CRN1010.Chn;5000,0;2019-10-10 19:58:20;None;None;None;24,95189065565435;428,8636775867344;None;None;None;-5,3879397909727516;367,9039351175538
../Ipen/Efluentes-gasosos/Filtros-espectros/2019/Crn/CRN2102.Chn;5000,0;2019-02-25 11:49:33;None;None;None;3,8639910409714178;431,7129947113275;None;None;None;-26,230314984249624;347,5349866297765
../Ipen/Efluentes-gasosos/Filtros-espectros/2019/Crn/CRN2410.Chn;5000,0;2019-10-24 14:42:37;None;None;None;14,961636118807547;184,09642894366692;None;None;None;-13,37563051463846;363,7919486253329
../Ipen/Efluentes-gasosos/Filtros-espectros/2019/Crn/CRN0808.Chn;5000,0;2019-08-08 18:32:15;None;None;None;0,6970823323117417;218,93207704677303;None;None;None;-5,729050960552541;363,87679993982107
../Ipen/Efluentes-gasosos/Filtros-espectros/2019/Crn/CRN0205.Chn;5000,0;2019-05-02 14:55:12;None;1,1900676775281367;126,63005637133354;278,58222430412474;342,87516013292577;None;-21,698606313173734;576,6742013705679;232,09044343860927;358,0956054924547
../Ipen/Efluentes-gasosos/Filtros-espectros/2019/Crn/CRN3005.Chn;5000,0;2019-05-30 14:23:06;None;None;None;13,917761291701986;141,67775844375345;None;None;None;-0,372774926174373;379,0285364597316
../Ipen/Efluentes-gasosos/Filtros-espectros/2019/Crn/CRN1605.Chn;5000,0;2019-05-16 18:03:30;None;None;None;14,18069432579115;325,5916726858577;None;None;None;-0,4229072755416031;364,364914024903
../Ipen/Efluentes-gasosos/Filtros-espectros/2019/Crn/CRN1209.Chn;5000,0;2019-09-12 18:25:18;None;None;None;15,352284997231562;285,90872230567356;None;None;None;-8,694633330814801;378,230472833089
../Ipen/Efluentes-gasosos/Filtros-espectros/2019/Crn/CRN0108.Chn;5000,0;2019-08-02 10:04:23;None;None;None;None;None;None;None;None;None;None
../Ipen/Efluentes-gasosos/Filtros-espectros/2019/Crn/CRN0507.Chn;5000,0;2019-07-05 21:27:15;None;None;None;30,417951065862848;212,859244387495;None;None;None;-11,59997701120264;364,19887203270866
../Ipen/Efluentes-gasosos/Filtros-espectros/2019/Crn/CRN0512.Chn;5000,0;2019-12-05 12:59:34;None;None;None;None;None;None;None;None;None;None
../Ipen/Efluentes-gasosos/Filtros-espectros/2019/Crn/CRN2908.Chn;5000,0;2019-08-29 16:54:28;None;None;None;22,577548049881024;95,17922926394444;None;None;None;-11,569246376048653;375,5876611141766
../Ipen/Efluentes-gasosos/Filtros-espectros/2019/Crn/CRN0711.Chn;5000,0;2019-11-07 16:58:39;None;None;None;None;None;None;None;None;None;None
../Ipen/Efluentes-gasosos/Filtros-espectros/2019/Crn/CRN1508.Chn;5000,0;2019-08-15 16:50:20;None;None;8,85278241286375;19,369957571185612;1012,8709501785626;None;None;358,8789776092466;-8,802027191472954;364,0719182221108
../Ipen/Efluentes-gasosos/Filtros-espectros/2019/Crn/CRN0702.Chn;5000,0;2019-02-07 20:05:32;None;None;None;21,4226577968292;398,93048126457956;None;None;None;-27,100045245179;372,7635033778775
../Ipen/Efluentes-gasosos/Filtros-espectros/2019/Crn/CRN0703.Chn;5000,0;2019-03-07 15:21:46;None;None;None;None;604,1283865819403;None;None;None;None;364,6578520802783
../Ipen/Efluentes-gasosos/Filtros-espectros/2019/Crn/CRN1807.Chn;5000,0;2019-07-18 13:21:44;None;None;None;None;358,2714671225529;None;None;None;None;363,8530968241968
../Ipen/Efluentes-gasosos/Filtros-espectros/2019/Crn/CRN1212.Chn;5000,0;2019-12-12 18:22:34;None;None;None;23,014879197810618;234,46878069302983;None;None;None;-15,54694104727184;363,1966918277101
../Ipen/Efluentes-gasosos/Filtros-espectros/2019/Crn/CRN1909.Chn;5000,0;2019-09-19 21:57:50;None;None;None;6,435000710555863;178,97052023868088;None;None;None;-7,4627150436637795;377,4407289109886
../Ipen/Efluentes-gasosos/Filtros-espectros/2019/Crn/CRN2401.Chn;5000,0;2019-01-24 11:15:26;None;None;None;None;493,3013406518169;None;None;None;None;364,6775795410854
../Ipen/Efluentes-gasosos/Filtros-espectros/2019/Crn/CRN2612.Chn;5000,0;2019-12-26 13:31:35;None;None;None;None;184,405308109532;None;None;None;None;379,547849383304
../Ipen/Efluentes-gasosos/Filtros-espectros/2019/Pnr/PRN1807.Chn;5000,0;2019-07-18 10:52:41;139,16491458218044;203,28446007103344;364,14471286690514;370,83836075280715;375,1385710877005;582,3114687325594;608,2709062377328;1459,1177472001839;351,02828156707403;238,25065406542302
../Ipen/Efluentes-gasosos/Filtros-espectros/2019/Pnr/PRN1212.Chn;5000,0;2019-12-12 15:35:06;None;None;None;None;16,24083559669739;None;None;None;None;-15,557380437223602
../Ipen/Efluentes-gasosos/Filtros-espectros/2019/Pnr/PRN2401.Chn;5000,0;2019-01-24 14:11:38;None;None;None;None;None;None;None;None;None;None
../Ipen/Efluentes-gasosos/Filtros-espectros/2019/Pnr/PRN2706.Chn;5000,0;2019-06-27 14:15:05;None;None;None;None;23,437304274703603;None;None;None;None;-2,822924245185632
../Ipen/Efluentes-gasosos/Filtros-espectros/2019/Pnr/PRN0108.Chn;5000,0;2019-08-01 13:53:52;451,67528274224406;973,2853853264419;1164,2651737226083;8795,650228113993;2,2116769098584947e+43;636,7868442708792;284,50237206600457;867,4345247862929;364,59541220814816;481,1665571778348
../Ipen/Efluentes-gasosos/Filtros-espectros/2019/Pnr/PRN2410.Chn;5000,0;2019-10-24 13:16:17;None;None;None;None;15,171296108206171;None;None;None;None;-13,396917132988104
../Ipen/Efluentes-gasosos/Filtros-espectros/2019/Pnr/PRN1010.Chn;5000,0;2019-10-10 14:25:50;None;None;None;None;17,162978935119153;None;None;None;None;-5,3804441291694864
../Ipen/Efluentes-gasosos/Filtros-espectros/2019/Pnr/PRN2507.Chn;5000,0;2019-07-25 15:18:28;None;None;None;None;None;None;None;None;None;None
../Ipen/Efluentes-gasosos/Filtros-espectros/2019/Pnr/PRN3005.Chn;5000,0;2019-05-30 17:48:53;None;None;None;15,715093211249087;175,25505538077908;None;None;None;-0,38470051602349936;255,31949984467826
../Ipen/Efluentes-gasosos/Filtros-espectros/2019/Pnr/PRN1411.Chn;5000,0;2019-11-14 13:13:35;None;None;None;None;19,716652749445572;None;None;None;None;-13,399987050851642
../Ipen/Efluentes-gasosos/Filtros-espectros/2019/Pnr/PRN1909.Chn;5000,0;2019-09-19 15:54:43;None;None;None;None;None;None;None;None;None;None
../Ipen/Efluentes-gasosos/Filtros-espectros/2019/Pnr/PRN2811.Chn;5000,0;2019-11-28 13:04:04;413,44385437782483;923,8556764331632;1083,4973056521203;1906,1309726399425;19954,399639640003;731,775038097056;90,2987480064994;645,8988125328983;294,0681209859379;374,0389386003267
../Ipen/Efluentes-gasosos/Filtros-espectros/2019/Pnr/PRN3110.Chn;5000,0;2019-10-31 18:25:22;None;None;None;None;25,585606597563352;None;None;None;None;-15,84854458425708
../Ipen/Efluentes-gasosos/Filtros-espectros/2019/Pnr/PRN1306.Chn;5000,0;2019-06-13 11:48:17;None;None;None;12,324760682601926;246,98674342675096;None;None;None;-0,40040921417018405;250,8790216041099
../Ipen/Efluentes-gasosos/Filtros-espectros/2019/Pnr/PRN2208.Chn;5000,0;2019-08-22 16:18:23;None;None;None;None;24,24663563617784;None;None;None;None;-9,17713515553038
../Ipen/Efluentes-gasosos/Filtros-espectros/2019/Pnr/PRN1001.Chn;5000,0;2019-01-10 16:24:03;None;None;None;None;22,06241921320772;None;None;None;None;-39,85724304095242
../Ipen/Efluentes-gasosos/Filtros-espectros/2019/Pnr/PRN1701.Chn;5000,0;2019-01-18 14:47:34;None;None;None;None;3,0916364150392046;None;None;None;None;-16,559781131419232
../Ipen/Efluentes-gasosos/Filtros-espectros/2019/Pnr/PRN1508.Chn;5000,0;2019-08-15 13:22:45;None;None;None;None;27,111331589757807;None;None;None;None;-11,620538051006125
../Ipen/Efluentes-gasosos/Filtros-espectros/2019/Pnr/PRN0808.Chn;5000,0;2019-08-08 12:14:20;None;None;None;None;17,507695955883413;None;None;None;None;-11,617429330615607
../Ipen/Efluentes-gasosos/Filtros-espectros/2019/Pnr/PRN0606.Chn;5000,0;2019-06-06 11:09:05;None;None;17,12986055672118;98,03057861034091;140,68210795608286;None;None;-2,769789604266205;593,6114481759422;255,3309375938674
../Ipen/Efluentes-gasosos/Filtros-espectros/2019/Pnr/PRN0512.Chn;5000,0;2019-12-05 11:31:30;None;None;None;None;19,350287669291035;None;None;None;None;-44,21202400356797
../Ipen/Efluentes-gasosos/Filtros-espectros/2019/Pnr/PRN0703.Chn;5000,0;2019-03-07 13:02:36;None;None;None;None;5,3619255054629384;None;None;None;None;-6,3703800968368505
../Ipen/Efluentes-gasosos/Filtros-espectros/2019/Pnr/PRN2305.Chn;5000,0;2019-05-23 13:28:39;10716,180073015885;19645,233839500648;37209,43225217028;49765,16879301935;725883,6580696985;718,011706872396;86,0831854740417;633,3868088651261;287,0099699360605;365,72789534741503
../Ipen/Efluentes-gasosos/Filtros-espectros/2019/Pnr/PRN2908.Chn;5000,0;2019-08-29 13:01:35;None;None;None;None;24,04325254669683;None;None;None;None;-11,562117990361955
../Ipen/Efluentes-gasosos/Filtros-espectros/2019/Pnr/PRN0301.Chn;5000,0;2019-01-03 16:57:48;None;None;None;None;5,017751946886026;None;None;None;None;-0,3219720868560324
../Ipen/Efluentes-gasosos/Filtros-espectros/2019/Pnr/PRN2802.Chn;5000,0;2019-02-28 13:55:36;656,7236531839077;947,08280159238;1358,8002095157628;1556,4472552124337;16293,098719240346;80,3811811969497;636,9269279679523;140,68880984888767;284,42693177315255;364,56728630059246
../Ipen/Efluentes-gasosos/Filtros-espectros/2019/Pnr/PRN0310.Chn;5000,0;2019-10-03 13:19:31;None;None;None;None;14,457596270984833;None;None;None;None;-5,043196227766963
../Ipen/Efluentes-gasosos/Filtros-espectros/2019/Pnr/PRN2609.Chn;5000,0;2019-09-26 12:04:39;None;None;None;None;8,45997339107511;None;None;None;None;-9,203585356826979
../Ipen/Efluentes-gasosos/Filtros-espectros/2019/Pnr/PRN0507.Chn;5000,0;2019-07-05 18:07:36;None;None;None;None;8,133011886777314;None;None;None;None;-9,157351495307939
../Ipen/Efluentes-gasosos/Filtros-espectros/2019/Pnr/PRN1402.Chn;5000,0;2019-02-14 12:05:58;None;None;None;None;None;None;None;None;None;None
../Ipen/Efluentes-gasosos/Filtros-espectros/2019/Pnr/PRN0711.Chn;5000,0;2019-11-07 13:03:21;None;None;None;None;30,099882590662734;None;None;None;None;-15,862472306698695
../Ipen/Efluentes-gasosos/Filtros-espectros/2019/Pnr/PRN2102.Chn;5000,0;2019-02-22 15:10:15;None;None;None;None;15,21665784082869;None;None;None;None;-27,560721463043564
../Ipen/Efluentes-gasosos/Filtros-espectros/2019/Pnr/PRN0509.Chn;5000,0;2019-09-05 14:19:07;None;None;None;None;11,418912209852826;None;None;None;None;-9,168523744260243
../Ipen/Efluentes-gasosos/Filtros-espectros/2019/Pnr/PRN1005.Chn;5000,0;2019-05-10 10:54:03;None;None;None;None;37,82005315176175;None;None;None;None;-20,931230432966522
../Ipen/Efluentes-gasosos/Filtros-espectros/2019/Pnr/PRN3101.Chn;5000,0;2019-01-31 14:33:43;None;None;None;None;17,532602481210937;None;None;None;None;-56,336994680511204
../Ipen/Efluentes-gasosos/Filtros-espectros/2019/Pnr/PRN1605.Chn;5000,0;2019-05-16 09:29:53;None;None;None;6,067422378393276;117,53802966009395;None;None;None;-0,3608261343917319;242,1397708613933
../Ipen/Efluentes-gasosos/Filtros-espectros/2019/Pnr/PRN2111.Chn;5000,0;2019-11-21 14:12:21;None;None;None;None;None;None;None;None;None;None
../Ipen/Efluentes-gasosos/Filtros-espectros/2019/Pnr/PRN1906.Chn;5000,0;2019-06-19 11:59:26;None;None;None;None;31,839530077716653;None;None;None;None;-2,811853048219545
../Ipen/Efluentes-gasosos/Filtros-espectros/2019/Pnr/PRN1912.Chn;5000,0;2019-12-19 11:12:44;None;None;None;None;28,83509739995988;None;None;None;None;-17,96110783903616
../Ipen/Efluentes-gasosos/Filtros-espectros/2019/Pnr/PRN1710.Chn;5000,0;2019-10-17 14:52:35;None;None;None;None;28,21128812406129;None;None;None;None;-7,818483105816954
../Ipen/Efluentes-gasosos/Filtros-espectros/2019/Pnr/PRN1107.Chn;5000,0;2019-07-11 15:32:31;None;None;None;None;2,794802626487784;None;None;None;None;-6,32984883686372
../Ipen/Efluentes-gasosos/Filtros-espectros/2019/Pnr/PRN2612.Chn;5000,0;2019-12-26 10:48:38;None;None;None;None;None;None;None;None;None;None
../Ipen/Efluentes-gasosos/Filtros-espectros/2019/Pnr/PRN0702.Chn;5000,0;2019-02-07 13:41:06;None;None;None;None;None;None;None;None;None;None
../Ipen/Efluentes-gasosos/Filtros-espectros/2019/Pnr/PRN2811-Rep.Chn;5000,0;2019-12-06 19:06:21;102,8946023157001;429,79191108735375;552,436452998791;922,5768539026814;9191,647440045648;718,145969158926;77,14457473568497;632,220015407726;280,6848984976695;360,5845529783107
../Ipen/Efluentes-gasosos/Filtros-espectros/2019/Pnr/PRN1209.Chn;5000,0;2019-09-12 14:55:48;None;None;None;None;3,0251232850019956;None;None;None;None;-6,19827541087975
../Ipen/Efluentes-gasosos/Filtros-espectros/2019/Pci/PCI0608.Chn;5000,0;2019-08-06 08:33:07;None;None;None;None;273,73271780201344;None;None;None;None;-11,63216802799834
../Ipen/Efluentes-gasosos/Filtros-espectros/2019/Pci/PCI3008-F.Chn;5000,0;2019-08-30 09:01:09;None;None;None;None;24,374931137960992;None;None;None;None;-11,544748266483081
../Ipen/Efluentes-gasosos/Filtros-espectros/2019/Pci/PCI0210-I.Chn;5000,0;2019-10-02 09:04:03;None;None;None;None;12,89803174486776;None;None;None;None;-5,379580894644524
../Ipen/Efluentes-gasosos/Filtros-espectros/2019/Pci/PCI1112-I (com plaqueta).Chn;5000,0;2019-12-11 10:28:35;None;None;None;3,8028135395761753;211,06721027930064;None;None;None;-23,833918484273497;155,79810451636948
../Ipen/Efluentes-gasosos/Filtros-espectros/2019/Pci/PCI0711-F.Chn;5000,0;2019-11-07 09:41:44;None;None;28,61438751568176;297,1292788991418;374,66728153560837;None;None;-15,851866554855066;513,9995731276766;163,46730487480826
../Ipen/Efluentes-gasosos/Filtros-espectros/2019/Pci/PCI2108-I.Chn;5000,0;2019-08-21 09:51:34;None;None;None;None;16,807466179547703;None;None;None;None;-9,16606867464342
../Ipen/Efluentes-gasosos/Filtros-espectros/2019/Pci/PCI1010-F.Chn;5000,0;2019-10-10 11:03:39;None;None;None;None;8,95682075423979;None;None;None;None;-5,3535607789126844
../Ipen/Efluentes-gasosos/Filtros-espectros/2019/Pci/PCI2808-I.Chn;5000,0;2019-08-28 13:15:30;None;None;None;3,98219720999307;240,4461051607648;None;None;None;-9,036375096026955;170,88308052090574
../Ipen/Efluentes-gasosos/Filtros-espectros/2019/Pci/PCI2607.Chn;5000,0;2019-07-26 10:07:26;None;None;None;None;24,8681274516437;None;None;None;None;-9,156627870150931
../Ipen/Efluentes-gasosos/Filtros-espectros/2019/Pci/PCI2108-F.Chn;5000,0;2019-08-21 13:15:58;None;None;None;None;None;None;None;None;None;None
../Ipen/Efluentes-gasosos/Filtros-espectros/2019/Pci/PCI3007.Chn;5000,0;2019-07-31 14:09:35;None;None;None;None;8,899234606837837;None;None;None;None;-11,535033320693074
../Ipen/Efluentes-gasosos/Filtros-espectros/2019/Pci/PCI1109-I.Chn;5000,0;2019-09-11 08:40:32;None;None;None;None;None;None;None;None;None;None
../Ipen/Efluentes-gasosos/Filtros-espectros/2019/Pci/PCI1112-I (sem plaqueta).Chn;5000,0;2019-12-11 08:48:52;None;None;None;None;153,90065703701003;None;None;None;None;155,8453829369384
../Ipen/Efluentes-gasosos/Filtros-espectros/2019/Pci/PCI1311-I.Chn;5000,0;2019-11-13 14:16:12;None;None;None;16,890112995628755;466,2796064640661;None;None;None;-15,801280068149259;163,36433200388782
../Ipen/Efluentes-gasosos/Filtros-espectros/2019/Pci/PCI2507F.Chn;5000,0;2019-07-25 11:01:07;None;None;None;None;32,68746649574061;None;None;None;None;-11,605445288459014
../Ipen/Efluentes-gasosos/Filtros-espectros/2019/Pci/PCI0910-I.Chn;5000,0;2019-10-09 08:53:39;None;None;None;None;23,3623120254852;None;None;None;None;-5,409264448726405
../Ipen/Efluentes-gasosos/Filtros-espectros/2019/Pci/PCI1907F.Chn;5000,0;2019-07-19 10:04:32;None;None;None;None;5,507614475552322;None;None;None;None;-9,104548738322695
../Ipen/Efluentes-gasosos/Filtros-espectros/2019/Pci/PCI2310-I.Chn;5000,0;2019-10-23 08:21:02;None;None;None;None;None;None;None;None;None;None
../Ipen/Efluentes-gasosos/Filtros-espectros/2019/Pci/PCI1610-I.Chn;5000,0;2019-10-16 08:41:22;None;None;None;None;3,686373694757932;None;None;None;None;-2,5512347130544613
../Ipen/Efluentes-gasosos/Filtros-espectros/2019/Pci/PCI1812-I.Chn;5000,0;2019-12-18 11:26:41;None;None;None;10,386515301924733;285,37683576358205;None;None;None;-15,54722698775051;158,26396026476033
../Ipen/Efluentes-gasosos/Filtros-espectros/2019/Pci/PCI0506F.Chn;5000,0;2019-06-05 15:46:13;None;None;None;None;583,6663123694233;None;None;None;None;522,2833000945425
../Ipen/Efluentes-gasosos/Filtros-espectros/2019/Pci/PCI0409-I.Chn;5000,0;2019-09-04 10:48:06;None;None;None;None;None;None;None;None;None;None
../Ipen/Efluentes-gasosos/Filtros-espectros/2019/Pci/PCI0611-I123.Chn;5000,0;2019-11-06 07:59:51;None;None;25,916777654185736;27,674416834334174;5141,892483881097;None;None;159,42484535910546;-15,777661206807071;164,04661713007383
../Ipen/Efluentes-gasosos/Filtros-espectros/2019/Pci/PCI1405F.Chn;5000,0;2019-05-14 13:02:08;None;None;None;None;15,149206577554649;None;None;None;None;-18,08409546096078
../Ipen/Efluentes-gasosos/Filtros-espectros/2019/Pci/PCI1809-I123.Chn;5000,0;2019-09-18 09:41:09;None;None;None;None;10,153128743733971;None;None;None;None;-9,110959990662318
../Ipen/Efluentes-gasosos/Filtros-espectros/2019/Ptp/PTP1209.Chn;5000,0;2019-09-12 09:54:01;1352,8802371377874;1795,4441025234871;4095,6781383181756;4169,624652100832;44290,840710708966;172,82192130803486;94,01493815192295;650,4706006038981;297,9966486245717;378,0726320169375
../Ipen/Efluentes-gasosos/Filtros-espectros/2019/Ptp/PTP2908.Chn;5000,0;2019-08-29 10:46:53;1066,6031728684395;2002,0394829910308;4280,166728326309;4561,765681753756;48518,047094995396;170,57795006885598;91,74266930027072;648,3171808365972;295,74827022762696;375,83798654425044
../Ipen/Efluentes-gasosos/Filtros-espectros/2019/Ptp/PTP0702.Chn;5000,0;2019-02-07 15:33:37;366,6418645951062;940,1123485580902;1577,4929011486233;2012,0038221867383;22373,655414457164;731,6830533033723;88,94979578057621;645,8142323091092;293,2014438237395;373,3395314171615
../Ipen/Efluentes-gasosos/Filtros-espectros/2019/Ptp/PTP0507.Chn;5000,0;2019-07-05 14:19:21;600,4804320476617;1275,0391681751428;1691,2517571593635;3042,8680804864143;31464,22387849276;140,54613857588635;80,1729471830256;636,5601308914171;284,166168273502;364,2639495312991
../Ipen/Efluentes-gasosos/Filtros-espectros/2019/Ptp/PTP1906.Chn;5000,0;2019-06-19 13:51:59;493,0639114990277;882,1006098726747;2076,0323002057885;2281,995171668979;23292,73780273143;255,06025826227827;99,41897521215714;645,7060274696595;299,6692328068917;378,2851284504899
../Ipen/Efluentes-gasosos/Filtros-espectros/2019/Ptp/PTP2305.Chn;5000,0;2019-05-23 17:43:54;346,63525892666894;997,5125211768235;1385,3059699496148;2549,4770123126814;28437,61835945074;241,9850043249375;86,06902233622321;632,5842799474547;286,4847477443303;365,1487582510207
../Ipen/Efluentes-gasosos/Filtros-espectros/2019/Ptp/PTP1710.Chn;5000,0;2019-10-17 11:07:48;2360,8091871534134;4019,8409735426985;5027,326387167882;9353,10330488022;96631,9219049499;163,05824679298718;84,31198751674125;639,9671687421892;288,08280800655155;368,05395167414656
../Ipen/Efluentes-gasosos/Filtros-espectros/2019/Ptp/PTP1701.Chn;5000,0;2019-01-18 18:10:20;265,5271624803691;748,0740004384709;931,1457961848572;1762,8075552625946;17063,630414500196;722,8068502282334;79,98056121894986;636,8974597282262;284,2762988584211;364,4058712944971
../Ipen/Efluentes-gasosos/Filtros-espectros/2019/Ptp/PTP2102.Chn;5000,0;2019-02-22 13:45:51;259,35864422039987;575,3637021116555;1396,6579804061078;1529,511198167382;15428,301907945535;702,418366595757;59,592904992193226;616,989784668068;263,88993969342033;344,020592220132
../Ipen/Efluentes-gasosos/Filtros-espectros/2019/Ptp/PTP2811-Rep.Chn;5000,0;2019-12-06 21:05:22;None;None;None;27,3211740813605;376,8530368166939;None;None;None;-41,791594161159665;360,55631463732317
../Ipen/Efluentes-gasosos/Filtros-espectros/2019/Ptp/PTP0301.Chn;5000,0;2019-01-03 18:24:59;224,0314520923293;300,3161362610069;475,4244895884772;496,6081888986639;5095,40949257516;613,1437115485325;253,2681611642117;294,74905295217474;164,91045840618014;367,1296866288314
../Ipen/Efluentes-gasosos/Filtros-espectros/2019/Ptp/PTP2208.Chn;5000,0;2019-08-22 10:57:04;861,6818809137156;3039,045254671226;6370,80392986976;6776,7693321078605;72530,14255778129;721,9836471267673;79,92573588773281;636,5351234491482;283,92998412785795;364,002267758299
../Ipen/Efluentes-gasosos/Filtros-espectros/2019/Ptp/PTP1010.Chn;5000,0;2019-10-10 18:06:48;3298,576724744565;10987,736547602886;22362,516213192433;27114,063326072086;268602,4140339134;725,6378225209239;84,33355182560042;640,1342227950287;288,0677206439926;368,0515087639247
../Ipen/Efluentes-gasosos/Filtros-espectros/2019/Ptp/PTP0108.Chn;5000,0;2019-08-01 15:19:28;767,8888849900884;850,3806334442078;973,4701157498026;1817,1627025709975;19436,158091626683;80,35779642704037;140,9778500245701;636,6438584402196;284,35075422814435;364,42813953141473
../Ipen/Efluentes-gasosos/Filtros-espectros/2019/Ptp/PTP0703.Chn;5000,0;2019-03-07 16:47:03;26,926952347087717;364,9520111844643;602,8921262365362;895,457572713704;9598,90610627179;642,6426671434568;238,99410697781502;637,0583920826421;284,5570664871421;364,6881667605685
../Ipen/Efluentes-gasosos/Filtros-espectros/2019/Ptp/PTP0512.Chn;5000,0;2019-12-05 09:09:27;650,6377858827211;994,9550157759705;1673,1419456716142;1682,8185846877134;19046,055931949268;81,12612229763035;636,0132546080024;284,58930286614657;159,75245594371188;364,48580599451356
../Ipen/Efluentes-gasosos/Filtros-espectros/2019/Ptp/PTP1402.chn;5000,0;2019-02-14 15:13:09;346,2343144504724;492,07642049193885;718,5688062156739;1251,3016083758664;13393,934171354978;249,84869080095643;91,18346983817338;647,9197112987586;295,3552426841067;375,48067816755537
../Ipen/Efluentes-gasosos/Filtros-espectros/2019/Ptp/PTP1605.Chn;5000,0;2019-05-16 15:57:43;249,5816897539283;724,0377650906951;1012,231231125521;1804,415599879891;19979,034134862737;241,08254101900874;85,58440666035912;631,7950791297311;285,87216730951616;364,4919657691646
../Ipen/Efluentes-gasosos/Filtros-espectros/2019/Ptp/PTP1807.Chn;5000,0;2019-07-18 16:44:32;1688,6305711955831;4575,612935817472;9814,386153297706;10120,690943128095;110737,47288854235;721,9499891399689;79,84823967151225;636,2906848766062;283,8403697144909;363,9093385975661
../Ipen/Efluentes-gasosos/Filtros-espectros/2019/Ptp/PTP2609.Chn;5000,0;2019-09-26 15:20:58;658,7691467986357;1946,996874856304;4116,4011634237895;4619,476289048763;49059,47326215168;177,652547402902;80,5443899093415;636,8565286029018;284,4780922534084;364,56887215929265
../Ipen/Efluentes-gasosos/Filtros-espectros/2019/Ptp/PTP0808.Chn;5000,0;2019-08-08 16:19:43;1045,76424594765;2229,6487124807177;4891,174251983289;5451,7402663307275;56824,005944195735;722,1229291851416;79,93765195907129;636,4637887452259;283,8983602563148;363,9941599397328
../Ipen/Efluentes-gasosos/Filtros-espectros/2019/Ptp/PTP2401.Chn;5000,0;2019-01-24 17:12:50;668,2237629245658;1481,4051559346044;2050,307977846385;3484,6750291992958;36308,1171385503;723,0325281602402;80,02336439574157;636,8125199966657;284,17014920846725;364,3279969090386
../Ipen/Efluentes-gasosos/Filtros-espectros/2019/Ptp/PTP3110.Chn;5000,0;2019-10-31 16:56:29;1276,915918069005;3721,613005606428;7449,501997550659;8555,580098074835;91553,72073371305;717,4691969544717;76,64567325954337;632,0732862777521;280,2473725838255;360,1454527692165
../Ipen/Efluentes-gasosos/Filtros-espectros/2019/Ptp/PTP2612.Chn;5000,0;2019-12-26 09:17:16;736,242436149241;1999,0341867804368;2048,4964016369354;2513,326965848522;27129,75235659688;254,30477326584747;651,4358663190455;95,9803782420972;299,75372432496823;379,67993739095533
../Ipen/Efluentes-gasosos/Filtros-espectros/2019/Ptp/PTP0102.Chn;5000,0;2019-02-01 10:52:14;755,4832315146498;1106,327657539494;1606,2199451576016;2849,4253588895363;30676,28449648681;678,490338431668;35,55342771259407;592,4468738169843;239,79904990353413;319,9519230975434
../Ipen/Efluentes-gasosos/Filtros-espectros/2019/Ptp/PTP0711.Chn;5000,0;2019-11-07 15:26:30;1024,728788422577;1492,4990067530323;3171,3046275157553;3678,2528252973134;37589,50368847377;165,45388448002254;85,18113257922063;640,247824585013;288,62025140057114;368,4978957137158
../Ipen/Efluentes-gasosos/Filtros-espectros/2019/Ptp/PTP0310.Chn;5000,0;2019-10-03 16:46:06;681,9318073388001;1235,808148493402;2884,6658260187082;3044,93666058984;32877,36573302811;163,05521581172312;84,26461591308154;640,0907759345048;288,01318011736106;367,99354046092594
../Ipen/Efluentes-gasosos/Filtros-espectros/2019/Ptp/PTP0606.Chn;5000,0;2019-06-06 15:34:17;542,6933036942656;930,0780473869589;1435,3385336442884;2391,10434721905;26399,835324045267;730,4131784237677;99,70711347030321;645,8954139883342;299,98017039228876;378,57686327073884
../Ipen/Efluentes-gasosos/Filtros-espectros/2019/Ptp/PTP1212.Chn;5000,0;2019-12-12 12:35:48;703,0634542094657;958,052499731999;1197,6553481352846;2563,4903243820345;22059,21629070649;158,90497014002366;80,10196818121632;636,3683983645202;284,1047876556515;364,1527649200544
../Ipen/Efluentes-gasosos/Filtros-espectros/2019/Ptp/PTP2811.Chn;5000,0;2019-11-28 11:06:53;None;None;None;None;None;None;None;None;None;None
../Ipen/Efluentes-gasosos/Filtros-espectros/2019/Ptp/PTP1001.Chn;5000,0;2019-01-11 11:01:47;140,58652880508058;791,1691121349625;839,7071829728711;973,221948435823;10752,84735221269;725,618793083705;640,0244497960537;83,11104682730607;287,52412798090876;367,6522262516915
../Ipen/Efluentes-gasosos/Filtros-espectros/2019/Ptp/PTP2706.Chn;5000,0;2019-06-27 15:50:04;710,3474549453381;1967,2052709074273;2734,83419129917;4769,363602819076;50848,208171537226;718,8655110637725;88,35715458365783;634,6104964797844;288,64990509832546;367,2959429065121
../Ipen/Efluentes-gasosos/Filtros-espectros/2019/Ptp/PTP2410.Chn;5000,0;2019-10-24 10:05:28;873,5303523541882;1400,5867700083788;1895,8921132918263;4890,472294694177;36559,85950999779;159,49652702558367;80,85528037014956;635,5795346106779;284,2730804660192;364,1354861193926
../Ipen/Efluentes-gasosos/Filtros-espectros/2019/Ptp/PTP1306.Chn;5000,0;2019-06-13 15:57:37;553,1408614816534;1455,7979431927583;1866,0243559546527;3591,527765821818;36194,39292197481;250,80990941389905;95,49168605743016;641,7550400510987;295,78883422656685;374,41109625526144
../Ipen/Efluentes-gasosos/Filtros-espectros/2019/Ptp/PTP2410 rep.Chn;5000,0;2019-10-24 11:41:41;764,4161993065347;1677,9885359391913;3443,466422057516;3916,237541428566;41142,53887988055;159,3697799851505;80,78689320007905;635,7540466741976;284,2366133923909;364,09887782841963
../Ipen/Efluentes-gasosos/Filtros-espectros/2019/Ptp/PTP2507.Chn;5000,0;2019-07-26 08:47:56;1685,6630228529293;4005,278580728775;4257,318961197881;43127,34156942247;1,4222705302567095e+136;79,81159796444493;636,5614899969714;283,89999334926785;364,013724928242;1194,8380453022723
../Ipen/Efluentes-gasosos/Filtros-espectros/2019/Ptp/PTP1107.Chn;5000,0;2019-07-11 18:49:32;2870,0204806809456;9920,356419018513;20486,358205548735;22486,838838630734;239403,92811853907;722,0490435791903;79,91969495919328;636,428268448506;283,91174333289655;363,98121501888596
../Ipen/Efluentes-gasosos/Filtros-espectros/2019/Ptp/PTP1508.Chn;5000,0;2019-08-15 10:26:08;2671,532866912477;9507,478248329502;19680,271533752297;21629,04050514069;233391,46604306376;722,193797661278;80,10046019631969;636,6346412661507;284,08819947350503;364,16845091643364
../Ipen/Efluentes-gasosos/Filtros-espectros/2019/Ptp/PTP1005.Chn;5000,0;2019-05-10 16:48:28;687,3005744032056;1314,8399468856085;1982,373449159178;3762,267455666515;37600,674753777224;723,1156623017813;80,51741664546356;637,1447215470515;284,60617241876156;364,7641055662141
../Ipen/Efluentes-gasosos/Filtros-espectros/2019/Ptp/PTP2111.Chn;5000,0;2019-11-21 10:58:07;368,80577381407653;507,8121929943966;752,2701548117254;1358,8235977949169;14674,805657715244;725,2007916781615;84,77342639529023;639,4352749161998;288,0831117009564;367,9454742005518
../Ipen/Efluentes-gasosos/Filtros-espectros/2019/Ptp/PTP1912.Chn;5000,0;2019-12-19 08:54:59;1021,7322610554365;1098,8344250045939;1494,4509533199355;2814,6705947258815;29008,478192095525;79,45098649653559;158,15574524271403;635,602166319962;283,3908865266519;363,4567040142142
../Ipen/Efluentes-gasosos/Filtros-espectros/2019/Ptp/PTP3005.Chn;5000,0;2019-05-30 19:32:56;285,88808951685246;667,4677248798879;861,2213644692498;1782,6755174520658;16991,41921210737;730,2901343346977;99,50427346852324;646,0557472531794;299,9709864610587;378,60392804056636
../Ipen/Efluentes-gasosos/Filtros-espectros/2019/Ptp/PTP0509.Chn;5000,0;2019-09-05 16:15:03;1578,750600949782;2376,6401698979125;3321,0728830181806;3458,7961167028434;36789,82509746483;86,56802317554406;165,37444126604754;643,1228829970436;290,54641179381247;370,63114563306203
../Ipen/Efluentes-gasosos/Filtros-espectros/2019/Ptp/PTP1909.Chn;5000,0;2019-09-19 18:31:58;1258,9501571513053;3178,3371354221977;3950,3260100651514;7151,161799609101;75778,74875113319;172,0208142795109;93,13414626810848;649,8473475186471;297,2827020523139;377,426700743805
../Ipen/Efluentes-gasosos/Filtros-espectros/2019/Ptp/PTP1411.Chn;5000,0;2019-11-14 11:34:19;1220,1144823819957;1784,1941137975948;2519,3252421386997;3161,8124828535056;28363,356943320432;84,62800437959574;163,1920863254732;639,4427984246929;287,947635234107;367,8171477080445
../Ipen/Efluentes-gasosos/Filtros-espectros/2019/Crf/CRF2507.Chn;5000,0;2019-07-26 07:23:15;30,88703454588131;58,29231006732791;65,83887116695647;202,62344593128608;1556,168019416205;-11,597439269366582;184,80561173904394;636,3174437236408;283,97893804723077;363,948858274843
../Ipen/Efluentes-gasosos/Filtros-espectros/2019/Crf/CRF1909.Chn;5000,0;2019-09-19 20:08:49;270,2037223112632;536,6415350317113;1170,1847513406606;1246,3771609118362;12810,509823088521;735,817884623746;93,22895102571498;650,1638290350832;297,33094902391707;377,4959794001787
../Ipen/Efluentes-gasosos/Filtros-espectros/2019/Crf/CRF2802.Chn;5000,0;2019-03-01 10:52:03;18269,097258450172;57229,092030691405;114648,93513515223;129904,71202653734;1389786,1486126448;722,8845090158843;80,35891103618152;637,1847851285727;284,48323244470316;364,6108192851795
../Ipen/Efluentes-gasosos/Filtros-espectros/2019/Crf/CRF3101.Chn;5000,0;2019-01-31 13:07:52;1896,3674538837502;6305,4392973964395;8000,940828945339;15976,56639076312;154938,8324546677;678,7036280953187;35,97146090411955;592,8176433230176;240,139693084072;320,3112421710607
../Ipen/Efluentes-gasosos/Filtros-espectros/2019/Crf/CRF2401.Chn;5000,0;2019-01-24 12:45:20;9362,041331520753;47253,111386886376;57154,709554474044;74165,57324998241;782259,4830476585;723,4107290598665;80,62987592913126;637,6136203648938;284,9046275307392;365,04454964222845
../Ipen/Efluentes-gasosos/Filtros-espectros/2019/Crf/CRF1402.Chn;5000,0;2019-02-14 16:55:29;559,7892163966102;3798,0802429179403;3957,7623011835353;4339,972819003638;45782,7008848441;733,7975607240402;648,1451592021042;91,42207649753959;295,2990929074717;375,44648589918455
../Ipen/Efluentes-gasosos/Filtros-espectros/2019/Crf/CRF1001.Chn;5000,0;2019-01-10 14:07:28;2335,1961809249465;6688,407700279613;9861,70224511497;11852,744643440596;126184,95729565578;773,2356015550655;82,31421504107212;638,8632645149428;286,3325938677457;366,41655016485953
../Ipen/Efluentes-gasosos/Filtros-espectros/2019/Crf/CRF2305.Chn;5000,0;2019-05-23 21:02:01;234,82578556311162;921,3789312238426;1438,95725049506;1654,868872709099;18680,660641244405;716,9633083752271;86,02975486710424;632,726558545718;286,4821882977247;365,1665772090305
../Ipen/Efluentes-gasosos/Filtros-espectros/2019/Crf/CRF1107.Chn;5000,0;2019-07-11 22:20:44;16,123242386754747;180,3757026803044;372,5985315866824;545,3766276603429;5181,567542173689;-9,086214381790441;79,7822281101925;636,2253721716692;283,7375307810365;363,89404322191547
../Ipen/Efluentes-gasosos/Filtros-espectros/2019/Crf/CRF3005.Chn;5000,0;2019-05-30 10:43:04;146,12052009220508;476,00694347230393;510,48450821660026;920,7170550692754;9461,497383252175;388,2311280735555;646,6911690734067;100,16103479614014;300,55811195633424;379,18571848645183
../Ipen/Efluentes-gasosos/Filtros-espectros/2019/Crf/CRF1701.Chn;5000,0;2019-01-17 21:22:05;789,9102161843508;2716,703155020519;3510,4992690143727;6594,558034150436;66762,79962792752;176,56011920924837;79,74992183266549;636,67530305958;283,9895802908714;364,16177684432466
../Ipen/Efluentes-gasosos/Filtros-espectros/2019/Crf/CRF1209.Chn;5000,0;2019-09-12 16:38:45;38,65768416622512;134,04033047412585;193,6865856097304;211,7319036569657;2084,287055550491;94,47354628722869;650,5470304214844;298,07878745749645;252,63701754518274;378,221726208142
../Ipen/Efluentes-gasosos/Filtros-espectros/2019/Crf/CRF2102.Chn;5000,0;2019-02-25 10:18:19;32510,330611217913;107738,22376507982;180999,28803056493;217393,9099331506;2397585,031760154;706,1838699228604;63,45347465538619;620,4360782084069;267,6444808696466;347,7851833517494
../Ipen/Efluentes-gasosos/Filtros-espectros/2019/Crf/CRF0509.Chn;5000,0;2019-09-05 17:53:19;285,9965541334228;342,2139105944606;905,314952319152;3442,4206445386426;6744,520643848362;86,4386698982032;642,8806583054064;290,7884080293969;165,39465294485532;370,66053179188395
../Ipen/Efluentes-gasosos/Filtros-espectros/2019/Crf/CRF0702.Chn;5000,0;2019-02-07 17:23:12;457,4353442658028;1473,9593847962385;1713,3800929655017;3112,8772484821866;33041,130456000115;731,4727466105626;88,81739137214504;645,6648370318412;293,017966510676;373,1877798419688
../Ipen/Efluentes-gasosos/Filtros-espectros/2019/Crf/CRF1005.Chn;5000,0;2019-05-10 20:13:15;331,62234053746516;1015,9228634289751;1390,1775005659083;2629,5985617425804;27202,776044260612;722,9279266200595;80,37335995731708;637,0609684154477;284,53950126536733;364,66941316761915
../Ipen/Efluentes-gasosos/Filtros-espectros/2019/Crf/CRF1508.Chn;5000,0;2019-08-15 19:05:45;462,6550708432747;1312,5365295991119;3398,788986479549;5413,535880862143;33923,02788413976;722,0681001980247;80,00382535306667;636,6426581496469;283,77247152831615;364,05675337827506
../Ipen/Efluentes-gasosos/Filtros-espectros/2019/Crf/CRF1807.Chn;5000,0;2019-07-18 18:56:24;None;27,207611206476912;89,46064185450966;228,73881271206446;2032,2780472151894;None;-11,59659029333384;635,9092279170252;283,7339288126088;363,89456883641896
../Ipen/Efluentes-gasosos/Filtros-espectros/2019/Crf/CRF0507.Chn;5000,0;2019-07-05 19:39:23;None;7,119669270262213;248,69946692226296;545,8974661371481;4591,2444140966945;None;-6,2051467338773065;636,4682463206658;284,35831841696466;364,1934289965442
../Ipen/Efluentes-gasosos/Filtros-espectros/2019/Crf/CRF2706.Chn;5000,0;2019-06-27 17:29:18;367,38140679565606;628,5740297642157;814,8208802536697;1576,9934087983136;15393,166254529078;243,88089638786852;88,37781278178741;634,6383196465783;288,73030612998184;367,3215572500134
../Ipen/Efluentes-gasosos/Filtros-espectros/2019/Crf/CRF1306.Chn;5000,0;2019-06-13 19:11:45;146,73173583940877;428,4688041648101;569,2005233316378;1020,8127625049177;10593,486740330978;725,8143489904377;95,39962503478338;641,6913877399058;295,75870170158794;374,3739775119325
../Ipen/Efluentes-gasosos/Filtros-espectros/2019/Crf/CRF2609.Chn;5000,0;2019-09-26 18:39:19;237,9994172855611;665,9240075473953;1680,0082241054436;1876,271367339116;19506,478045543543;722,4945387455773;80,58587158962555;637,0276502880093;284,5210179191032;364,5855140454071
../Ipen/Efluentes-gasosos/Filtros-espectros/2019/Crf/CRF1010.Chn;5000,0;2019-10-10 21:54:07;8,691611318192528;14,331821977241336;239,39893883306001;482,61312766403387;4375,385367121022;645,2575725698983;-3,9731751992915507;639,9182954574002;287,9199108775808;368,11749042838926
../Ipen/Efluentes-gasosos/Filtros-espectros/2019/Crf/CRF0808.Chn;5000,0;2019-08-08 20:04:57;433,47851680019653;1437,9630971073764;3356,260745074343;3416,4564910990816;36767,59211214798;722,0724139729684;79,94532366402322;283,9580309049659;636,5405552700769;364,0305368027514
../Ipen/Efluentes-gasosos/Filtros-espectros/2019/Crf/CRF1605.Chn;5000,0;2019-05-16 19:39:56;264,4682321984761;834,9264758890812;1099,2272231724105;1892,8543115892871;21046,58614683411;715,9980798392644;85,61471079543136;631,8017682730847;285,82830255067114;364,4867313961162
../Ipen/Efluentes-gasosos/Filtros-espectros/2019/Crf/CRF0205.Chn;5000,0;2019-05-02 17:17:37;512,6197842908408;1055,626887656116;2552,379098743065;2617,885225789434;26761,8041477768;716,4363103415932;73,80786956703201;630,4522558950302;277,8828795607963;357,9841703656928
../Ipen/Efluentes-gasosos/Filtros-espectros/2019/Crf/CRF2208.Chn;5000,0;2019-08-22 18:33:30;270,59706163875467;535,649342273832;670,925269083922;1174,662751246739;12842,278697094307;722,4217552583326;79,97913765162181;636,7042650520277;284,20190721440383;364,27214193032836
../Ipen/Efluentes-gasosos/Filtros-espectros/2019/Crf/CRF0310 (rep)(seria p CALIB energia no Maestro).Chn;5000,0;2019-10-03 21:54:23;358,28682834885603;928,0467351364439;959,2324282042802;1748,4792001724666;18477,96708117717;725,7729884868211;84,10245084524065;639,9651204277177;288,0365796091946;368,0354231357318
../Ipen/Efluentes-gasosos/Filtros-espectros/2019/Crf/CRF0606.Chn;5000,0;2019-06-06 20:47:06;None;7,820230062493887;230,66234243582733;343,1704673419226;2954,9118683551605;None;0,9084140654352438;645,6240347234306;299,7393441159666;378,4529140592036
../Ipen/Efluentes-gasosos/Filtros-espectros/2019/Crf/CRF0301.Chn;5000,0;2019-01-03 11:34:46;191,24708212473615;412,67134396747116;684,8123590048232;1039,1446450667577;10415,924678571495;688,4264303706253;107,97789574090557;610,901431069999;292,3399472100596;364,7542070339016
../Ipen/Efluentes-gasosos/Filtros-espectros/2019/Crf/CRF1710.Chn;5000,0;2019-10-17 16:47:28;568,0683482115987;1330,9626784514044;1801,4876496232125;3053,8071492645145;33272,155296895005;725,739182231635;84,39437208873176;639,9578928265366;288,0908035251071;368,0850787260581
../Ipen/Efluentes-gasosos/Filtros-espectros/2019/Crf/CRF0310.Chn;5000,0;2019-10-03 19:55:09;283,17584933348974;664,5712567687516;981,1283556380915;1742,3418744671453;18479,378202037005;725,6765684810724;84,38507134195794;639,8692874681394;288,02709498737323;368,013753535196
../Ipen/Efluentes-gasosos/Filtros-espectros/2019/Crf/CRF1906.Chn;5000,0;2019-06-19 15:30:06;1109,4522221375285;3154,321999576987;6167,6629971431275;7093,617822853306;75843,85723254865;729,8916542571327;99,31542147253708;645,70325052425;299,61836494411807;378,24916061013187
../Ipen/Efluentes-gasosos/Filtros-espectros/2019/Crf/CRF0108.Chn;5000,0;2019-08-02 11:28:48;201,93428491830124;265,72040472248705;416,572247388443;806,6335491830844;7976,826413092984;721,8521204037577;80,0639291560835;636,4380946177819;284,09951409935735;364,2293774914287
../Ipen/Efluentes-gasosos/Filtros-espectros/2019/Crf/CRF2908.Chn;5000,0;2019-08-29 18:32:06;188,90724786604343;493,34579380336925;638,498313537933;1159,7917074283182;12079,54242693931;733,5481165507292;91,4575173279173;647,8720135556187;295,5694004455375;375,64820473865393
../Ipen/Efluentes-gasosos/Filtros-espectros/2019/Cci/CCI0711-F.Chn;5000,0;2019-11-07 11:08:47;None;None;None;16,960878975654154;231,8121372265855;None;None;None;-13,396967192015934;163,71426108428207
../Ipen/Efluentes-gasosos/Filtros-espectros/2019/Cci/CCI1112-I.Chn;5000,0;2019-12-11 13:03:22;None;None;None;None;210,59407540423658;None;None;None;None;155,7336089391174
../Ipen/Efluentes-gasosos/Filtros-espectros/2019/Cci/CCI1610-I.Chn;5000,0;2019-10-16 12:07:11;189,01431396217583;267,26232469736846;1132,5540128620253;6743,3008864255235;117778,3005918238;333,7191233970598;247,31976339135187;514,1855699812694;188,13659052171013;163,54260855222915
../Ipen/Efluentes-gasosos/Filtros-espectros/2019/Cci/CCI1809-I 123.Chn;5000,0;2019-09-18 12:32:30;260,33692999927547;297,59380158458214;1001,8407659496761;6745,8133781839315;189962,74456672912;255,7990498034144;342,1035482906424;523,3549692544661;197,12491365792022;176,61844925285772
../Ipen/Efluentes-gasosos/Filtros-espectros/2019/Cci/CCI2310-I.Chn;5000,0;2019-10-23 10:59:29;154,31551590759548;178,93085570182927;311,95946365796135;1102,6843638964126;181609,16466955276;243,47062151229187;528,5271305814163;329,76186369397317;510,11559231874946;163,56863309467425
../Ipen/Efluentes-gasosos/Filtros-espectros/2019/Cci/CCI2108-F.Chn;5000,0;2019-08-21 14:46:16;None;None;None;253,0285368766121;46497,4318257638;None;None;None;-9,179034395591673;510,3393332679085
../Ipen/Efluentes-gasosos/Filtros-espectros/2019/Cci/CCI2507F.Chn;5000,0;2019-07-25 13:36:41;None;None;None;78,80215532793426;6549,960866785856;None;None;None;-11,631640675088859;510,5914996809555
../Ipen/Efluentes-gasosos/Filtros-espectros/2019/Cci/CCI1311-I.Chn;5000,0;2019-11-13 16:02:35;None;None;None;7,807380433283605;935,1914125266383;None;None;None;-13,345573262078341;163,2750967149901
../Ipen/Efluentes-gasosos/Filtros-espectros/2019/Cci/CCI1010-F.Chn;5000,0;2019-10-10 12:50:12;None;None;None;1549,6284085203326;335959,4686038843;None;None;None;-4,261573841164797;514,2276440655086
../Ipen/Efluentes-gasosos/Filtros-espectros/2019/Cci/CCI2108-I.Chn;5000,0;2019-08-21 17:11:35;None;None;None;None;2,1196022528710388;None;None;None;None;-7,488738831006991
../Ipen/Efluentes-gasosos/Filtros-espectros/2019/Cci/CCI0210-I.Chn;5000,0;2019-10-02 11:20:42;36,04806548371804;269,37567385778476;428,8126527926631;817,5585490579161;6853,0448510654005;-7,76428570604029;181,81659593776678;192,1693777339534;152,95584926479108;162,95908040391623
../Ipen/Efluentes-gasosos/Filtros-espectros/2019/Cci/CCI0611-I.Chn;5000,0;2019-11-06 09:30:10;None;None;None;80,19756701342617;12724,844746491837;None;None;None;-15,7930049367729;164,14262231006333
../Ipen/Efluentes-gasosos/Filtros-espectros/2019/Cci/CCI1109-I.Chn;5000,0;2019-09-11 17:15:04;None;None;None;2,2231764274846264;7302,25637676226;None;None;None;-6,3241534841362235;172,9335790406395
../Ipen/Efluentes-gasosos/Filtros-espectros/2019/Cci/CCI2808-I.Chn;5000,0;2019-08-28 14:53:21;None;None;None;36,007348112684774;5514,250621031153;None;None;None;-9,108372715723771;170,85162037847468
../Ipen/Efluentes-gasosos/Filtros-espectros/2019/Cci/CCI0210-I (Rep)...(DESCONSID).Chn;5000,0;2019-10-02 14:19:44;33,720687575000035;168,61845072050653;343,52585914145254;411,1425083948767;5632,989300973484;-7,834897689222283;247,4210077068273;152,97360117892975;191,95303688912364;163,04888565104326
../Ipen/Efluentes-gasosos/Filtros-espectros/2019/Cci/CCI0506F (22,13%).Chn;5000,0;2019-06-05 17:31:51;3070,2772978389557;15508,261187793769;25365,687655610785;35122,15489857283;15113444,826519866;104,2195385495118;1,710607589880034;1022,3845178493226;190,39298431231975;522,7350482908479
../Ipen/Efluentes-gasosos/Filtros-espectros/2019/Cci/cci3007.Chn;5000,0;2019-07-31 16:19:31;None;None;None;None;None;None;None;None;None;None
../Ipen/Efluentes-gasosos/Filtros-espectros/2019/Cci/CCI0608.Chn;5000,0;2019-08-06 09:57:47;None;None;None;35,092180068043334;56475,71851157076;None;None;None;-6,349439062169406;510,3201363224483
../Ipen/Efluentes-gasosos/Filtros-espectros/2019/Cci/CCI1907F.Chn;5000,0;2019-07-19 11:39:13;None;None;None;50,41683569805851;21258,415042603967;None;None;None;-9,169062758896668;510,2080537717959
../Ipen/Efluentes-gasosos/Filtros-espectros/2019/Cci/CCI1812-I.Chn;5000,0;2019-12-18 13:20:08;318,87747557621515;404,3859639809325;427,57602827008174;1473,5908332571466;217712,88668776778;177,32562093351208;527,7476049870708;187,68424669312782;509,30356506727753;157,40678872008223
../Ipen/Efluentes-gasosos/Filtros-espectros/2019/Cci/CCI1405F.Chn;5000,0;2019-05-14 15:33:50;None;None;None;2809,9487890681157;1402757,1179147507;None;None;None;1,930088831631851;510,98106369893065
../Ipen/Efluentes-gasosos/Filtros-espectros/2019/Cci/CCI0506F-2.Chn;5000,0;2019-06-06 17:29:32;None;None;None;5,334762491249011;1564,1892902015782;None;None;None;2,392569240234847;522,2006557887544
../Ipen/Efluentes-gasosos/Filtros-espectros/2019/Cci/CCI2607.Chn;5000,0;2019-07-26 11:33:44;None;None;None;89,19637715680298;17226,926744931323;None;None;None;-9,170060845026212;510,1396205650584
../Ipen/Efluentes-gasosos/Filtros-espectros/2019/Cci/CCI0910-I.Chn;5000,0;2019-10-09 13:19:04;152,56821298817474;200,4375174248981;366,51701462224713;516,4094790421238;66270,42374056658;247,2380271732448;182,01836896210418;192,29416141210868;514,1269261902631;164,9099660975919
../Ipen/Efluentes-gasosos/Filtros-espectros/2019/Cci/CCI0409-I.Chn;5000,0;2019-09-04 13:12:45;86,78645101733859;151,4154011532566;214,41881667405443;321,90463445612903;126771,01396428066;336,7705922229381;195,07112136780515;535,312914888145;517,361156097388;164,78564245608217
../Ipen/Efluentes-gasosos/Filtros-espectros/2019/Cci/CCI3008-F.Chn;5000,0;2019-08-30 10:59:10;None;None;None;99,38131145103107;30841,410739297822;None;None;None;-9,11202823509139;522,2134608549883
../Ipen/Efluentes-gasosos/Filtros-espectros/2019/Prf/PRF1001.Chn;5000,0;2019-01-10 18:21:43;None;None;31,33778093921665;201,44253758896315;560,3282804238032;None;None;-42,28952346612522;585,4750515626592;241,11242347134646
../Ipen/Efluentes-gasosos/Filtros-espectros/2019/Prf/PRF1209.Chn;5000,0;2019-09-12 13:22:19;None;None;None;None;None;None;None;None;None;None
../Ipen/Efluentes-gasosos/Filtros-espectros/2019/Prf/PRF2802.Chn;5000,0;2019-03-01 07:55:41;None;None;None;None;18,986209167451538;None;None;None;None;-7,808250643907703
../Ipen/Efluentes-gasosos/Filtros-espectros/2019/Prf/PRF1306.Chn;5000,0;2019-06-13 14:12:21;198,1621886071262;316,51600284704733;413,07279861725306;966,5674314688504;1203,8319129388533;518,0217240210285;101,77943491815513;588,8942354046815;92,3744455972077;250,96712940705677
../Ipen/Efluentes-gasosos/Filtros-espectros/2019/Prf/PRF1906.Chn;5000,0;2019-06-19 10:23:55;359,25670456063307;451,00701021061224;463,63352274190885;1366,1934816922512;1833,62197389465;592,7627650226707;366,08085446283314;618,4221641003122;97,64387360153881;255,05317356278618
../Ipen/Efluentes-gasosos/Filtros-espectros/2019/Prf/PRF2401.Chn;5000,0;2019-01-24 15:40:27;None;None;2,915283778558844;212,78082190634694;614,4197682133213;None;None;-53,46614548011692;582,9320112248432;238,55103412853356
../Ipen/Efluentes-gasosos/Filtros-espectros/2019/Prf/PRF1605.Chn;5000,0;2019-05-16 13:28:50;None;21,409956136688717;172,00769754631472;336,78264592293846;590,2785064745092;None;-0,4410296817190154;582,0619952219271;82,31997142492673;242,27011623381725
../Ipen/Efluentes-gasosos/Filtros-espectros/2019/Prf/PRF0301.Chn;5000,0;2019-01-03 15:24:48;376,6959568392094;504,1141866289483;800,8862635932262;1494,1469705411275;2542,826850993721;497,67597584025145;115,13273418057214;562,9310870953285;105,16299654340746;251,69705743364128
../Ipen/Efluentes-gasosos/Filtros-espectros/2019/Prf/PRF1010.Chn;5000,0;2019-10-10 16:32:41;None;None;None;None;13,947026643927169;None;None;None;None;-5,377874301666981
../Ipen/Efluentes-gasosos/Filtros-espectros/2019/Prf/PRF2706.Chn;5000,0;2019-06-27 12:40:11;None;None;None;None;None;None;None;None;None;None
../Ipen/Efluentes-gasosos/Filtros-espectros/2019/Prf/PRF0509.Chn;5000,0;2019-09-05 11:56:50;None;None;None;None;10,279948722526557;None;None;None;None;-9,157296400772042
../Ipen/Efluentes-gasosos/Filtros-espectros/2019/Prf/PRF2305.Chn;5000,0;2019-05-23 16:16:14;158,56563060022418;232,0123829645146;488,4792222182981;1186,591245798813;1532,1566747764393;2573,9005678467734;508,77443003263676;579,9046717685122;82,78780456905373;241,5613272285174
../Ipen/Efluentes-gasosos/Filtros-espectros/2019/Prf/PRF1807.Chn;5000,0;2019-07-18 15:17:34;None;None;None;None;1,6540247747398902;None;None;None;None;-5,909125782285411
../Ipen/Efluentes-gasosos/Filtros-espectros/2019/Prf/PRF2208.Chn;5000,0;2019-08-22 14:46:13;None;None;None;None;None;None;None;None;None;None
../Ipen/Efluentes-gasosos/Filtros-espectros/2019/Prf/PRF0703-ruim-2.Chn;5000,0;2019-03-08 08:13:31;None;None;None;None;237,79686484596382;None;None;None;None;-7,736992142445346
../Ipen/Efluentes-gasosos/Filtros-espectros/2019/Prf/PRF1710.Chn;5000,0;2019-10-17 12:56:23;None;None;None;None;14,541036473975268;None;None;None;None;-5,350552774442129
../Ipen/Efluentes-gasosos/Filtros-espectros/2019/Prf/PRF3005.Chn;5000,0;2019-05-30 16:03:49;3,5243220061029548;171,0323587616788;242,29600495063252;378,47681481858905;680,1236586147379;2,4516857191910875;522,1281886291796;593,3597348422417;96,32732533970079;255,13837299248945
../Ipen/Efluentes-gasosos/Filtros-espectros/2019/Prf/PRF3101.Chn;5000,0;2019-01-31 16:07:07;None;4,745893675140805;276,88756130771964;477,23996867236883;696,5104347503192;None;-53,49882633106231;538,7315232146344;33,42252270228512;194,20081306592408
../Ipen/Efluentes-gasosos/Filtros-espectros/2019/Prf/PRF0108.Chn;5000,0;2019-08-01 17:32:31;75,68092039365175;146,90906092950192;280,4262757993867;370,7413146538355;665,5998595554141;2612,8402513798947;510,68230689971836;582,9970924392791;76,63513909163545;238,65866135524908
../Ipen/Efluentes-gasosos/Filtros-espectros/2019/Prf/PRF0808.Chn;5000,0;2019-08-08 14:00:55;None;None;None;None;None;None;None;None;None;None
../Ipen/Efluentes-gasosos/Filtros-espectros/2019/Prf/PRF1402.Chn;5000,0;2019-02-14 13:37:01;None;None;None;32,62573491220858;190,73684966504783;None;None;None;-29,999205248802124;249,6639540619696
../Ipen/Efluentes-gasosos/Filtros-espectros/2019/Prf/PRF0703-ruim.Chn;4790,32;2019-03-07 18:15:03;None;None;None;None;None;None;None;None;None;None
../Ipen/Efluentes-gasosos/Filtros-espectros/2019/Prf/PRF2908.Chn;5000,0;2019-08-29 15:15:16;None;None;None;None;None;None;None;None;None;None
../Ipen/Efluentes-gasosos/Filtros-espectros/2019/Prf/PRF2609.Chn;5000,0;2019-09-26 13:46:04;None;None;7,200576675556594;104,58145906636081;283,33318467615544;None;None;-8,772121647160322;583,1137284324494;238,83978064629648
../Ipen/Efluentes-gasosos/Filtros-espectros/2019/Prf/PRF0702.Chn;5000,0;2019-02-07 11:02:31;None;None;None;10,500064408019902;218,68839105117289;None;None;None;-27,519386306114708;247,7740349044597
../Ipen/Efluentes-gasosos/Filtros-espectros/2019/Prf/PRF2507.Chn;5000,0;2019-07-25 18:55:29;None;None;None;None;18,446841204664793;None;None;None;None;-9,163089432491871
../Ipen/Efluentes-gasosos/Filtros-espectros/2019/Prf/PRF1909.Chn;5000,0;2019-09-19 14:16:43;None;None;2,509776557612333;113,66822110622645;484,7905949453393;None;None;-7,776094747852403;595,9276538235275;251,47959246146348
../Ipen/Efluentes-gasosos/Filtros-espectros/2019/Prf/PRF0507.Chn;5000,0;2019-07-05 16:05:48;None;None;None;None;None;None;None;None;None;None
../Ipen/Efluentes-gasosos/Filtros-espectros/2019/Prf/PRF1107.Chn;5000,0;2019-07-11 17:11:00;None;None;None;None;21,18991217576276;None;None;None;None;-9,159228548982597
../Ipen/Efluentes-gasosos/Filtros-espectros/2019/Prf/PRF1701.Chn;5000,0;2019-01-18 16:22:26;None;None;5,462650042362253;135,41844086456027;534,9779260818906;None;None;-12,811436623821024;583,2571360881407;238,4215663870897
../Ipen/Efluentes-gasosos/Filtros-espectros/2019/Prf/PRF2102.Chn;5000,0;2019-02-22 16:34:15;None;None;None;None;10,371600525977112;None;None;None;None;-27,598000802038964
../Ipen/Efluentes-gasosos/Filtros-espectros/2019/Prf/PRF0310.Chn;5000,0;2019-10-03 15:09:29;None;None;None;None;None;None;None;None;None;None
../Ipen/Efluentes-gasosos/Filtros-espectros/2019/Prf/PRF1005.Chn;5000,0;2019-05-10 14:36:14;None;None;None;None;18,272747860819262;None;None;None;None;-18,454522654393703
../Ipen/Efluentes-gasosos/Filtros-espectros/2019/Prf/PRF1508.Chn;5000,0;2019-08-15 15:00:36;None;None;None;None;None;None;None;None;None;None
../Ipen/Efluentes-gasosos/Filtros-espectros/2019/Prf/PRF0606.Chn;5000,0;2019-06-06 14:00:32;None;3,375161783507002;7,238284290412698;270,71087367302863;430,80286593822893;None;0,8193462853564809;597,2784476468258;592,478357411088;255,07429868631363
